id,title,release_date,filename,cover_path,streams,youtube_views,top_song_1,top_song_2,top_song_3,artist,primary_type,secondary_types,top_song_1_preview,top_song_2_preview,top_song_3_preview
4aaaa715-df17-43b8-987e-04b54ec4a697,Views,2016-04-29,views.jpg,data/covers/views.jpg,12837907413,3500000000,One Dance,Hotline Bling,Too Good,Drake,Album,NA,https://audio-ssl.itunes.apple.com/itunes-assets/AudioPreview221/v4/cb/ee/e3/cbeee354-21e5-2c44-daeb-bcd95e26fe6a/mzaf_5204581280747289469.plus.aac.p.m4a,https://audio-ssl.itunes.apple.com/itunes-assets/AudioPreview221/v4/73/56/5c/73565c27-16d4-1f8a-ec12-77616e3ca05d/mzaf_9178247693050174633.plus.aac.p.m4a,https://audio-ssl.itunes.apple.com/itunes-assets/AudioPreview211/v4/e5/17/8f/e5178fb4-5199-3d20-9bd4-2ac96d78a766/mzaf_9167818459085042286.plus.aac.p.m4a
857db798-5c31-4d5f-991a-6667f41d8899,Scorpion,2018-06-29,scorpion.jpg,data/covers/scorpion.jpg,12251315902,3200000000,God's Plan,In My Feelings,Nice For What,Drake,Album,NA,https://audio-ssl.itunes.apple.com/itunes-assets/AudioPreview211/v4/c6/4a/be/c64abe74-adb4-cff5-005d-0fab3d72a806/mzaf_10276154697254415719.plus.aac.p.m4a,https://audio-ssl.itunes.apple.com/itunes-assets/AudioPreview211/v4/df/e8/e2/dfe8e281-f90d-a00e-141e-aab9f5b0b0b1/mzaf_8379698669799841165.plus.aac.p.m4a,https://audio-ssl.itunes.apple.com/itunes-assets/AudioPreview221/v4/b5/df/23/b5df2301-6d1b-bd29-7521-745cc346fb13/mzaf_15429939059485588664.plus.aac.p.m4a
d039390b-2452-4a5c-9b2b-32e5e80f15e0,More Life,2017-03-18,more_life.jpg,data/covers/more_life.jpg,9222745132,1200000000,Passionfruit,Teenage Fever,Fake Love,Drake,Album,NA,https://audio-ssl.itunes.apple.com/itunes-assets/AudioPreview211/v4/3d/b7/73/3db773ac-bade-82c1-c570-4a699945d1f6/mzaf_13103071700695768982.plus.aac.p.m4a,https://audio-ssl.itunes.apple.com/itunes-assets/AudioPreview221/v4/83/a3/2f/83a32f43-5987-b58c-a92f-bd1e209a6e9c/mzaf_16425272575780815137.plus.aac.p.m4a,https://audio-ssl.itunes.apple.com/itunes-assets/AudioPreview221/v4/aa/d9/d2/aad9d2d8-9737-097d-d951-b7f29b316e1e/mzaf_13986957680891944931.plus.aac.p.m4a
47809021-4515-4215-beea-db3f5dfb6267,Take Care,2011-11-14,take_care.jpg,data/covers/take_care.jpg,7697813906,1800000000,Headlines,Take Care,Marvins Room,Drake,Album,NA,https://audio-ssl.itunes.apple.com/itunes-assets/AudioPreview211/v4/10/95/1f/10951f6a-5f56-6e98-0d3e-d8e2abe13921/mzaf_10807706714266434003.plus.aac.p.m4a,https://audio-ssl.itunes.apple.com/itunes-assets/AudioPreview211/v4/5a/19/97/5a199741-98ae-7aac-9d2a-21a312ec7129/mzaf_7987474604318601481.plus.aac.p.m4a,https://audio-ssl.itunes.apple.com/itunes-assets/AudioPreview221/v4/94/13/84/941384e8-b69f-c94c-cac6-66742c905133/mzaf_12485282444355403803.plus.aac.p.m4a
5c2e6a17-dc0b-42bc-8fcb-a60770505e37,Certified Lover Boy,2021-09-03,certified_lover_boy.jpg,data/covers/certified_lover_boy.jpg,7523894525,950000000,Fair Trade (with Travis Scott),Knife Talk (with 21 Savage ft. Project Pat),Way 2 Sexy (with Future & Young Thug),Drake,Album,NA,https://audio-ssl.itunes.apple.com/itunes-assets/AudioPreview211/v4/91/68/12/916812d4-eed9-7b9c-4fed-0bf7e717e4c0/mzaf_4929194385323738667.plus.aac.p.m4a,https://audio-ssl.itunes.apple.com/itunes-assets/AudioPreview221/v4/74/85/0a/74850aac-0c38-9fba-56aa-376e6b7bafb3/mzaf_10040140038592228176.plus.aac.p.m4a,https://audio-ssl.itunes.apple.com/itunes-assets/AudioPreview211/v4/10/ef/d0/10efd06a-5851-ccde-6b48-e9abca6fabcb/mzaf_1867457390193614872.plus.aac.p.m4a
0b6c2da8-ac60-4663-beae-bd3dc6dea94a,Nothing Was the Same,2013-09-19,nothing_was_the_same.jpg,data/covers/nothing_was_the_same.jpg,5235952991,1200000000,"Hold On, We're Going Home",From Time,Started From the Bottom,Drake,Album,NA,https://audio-ssl.itunes.apple.com/itunes-assets/AudioPreview211/v4/6a/29/77/6a29774b-1cde-2a24-c9a7-7b69c5dff602/mzaf_13454693018547391187.plus.aac.p.m4a,https://audio-ssl.itunes.apple.com/itunes-assets/AudioPreview211/v4/66/08/88/66088836-d5d2-2855-6d14-097e5d24190b/mzaf_16868632952750020035.plus.aac.p.m4a,https://audio-ssl.itunes.apple.com/itunes-assets/AudioPreview211/v4/8a/a9/ad/8aa9ad46-cd3a-a72f-c325-f6d4be150d95/mzaf_13219736619442703133.plus.aac.p.m4a
bb944494-b3e7-4be2-952e-171a1743868e,Dark Lane Demo Tapes,2020-05-01,dark_lane_demo_tapes.jpg,data/covers/dark_lane_demo_tapes.jpg,4621136848,750000000,Toosie Slide,Chicago Freestyle (feat. Giveon),Not You Too (feat. Chris Brown),Drake,Album,NA,https://audio-ssl.itunes.apple.com/itunes-assets/AudioPreview211/v4/f5/53/dc/f553dcad-d5ed-f9cd-5b8a-223821f4437c/mzaf_10558365578108480351.plus.aac.p.m4a,https://audio-ssl.itunes.apple.com/itunes-assets/AudioPreview221/v4/72/d5/d0/72d5d098-1b5c-f541-56cc-e401bdbbd304/mzaf_8600439953558299221.plus.aac.p.m4a,https://audio-ssl.itunes.apple.com/itunes-assets/AudioPreview211/v4/45/04/12/45041271-8302-1678-4f6e-b92c30b5d5bd/mzaf_3684939901265141572.plus.aac.p.m4a
a1552752-3b43-43b7-aeef-1f282360c993,For All the Dogs,2023-10-06,for_all_the_dogs.jpg,data/covers/for_all_the_dogs.jpg,4433747627,650000000,Rich Baby Daddy (feat. Sexyy Red & SZA),IDGAF (feat. Yeat),First Person Shooter (feat. J. Cole),Drake,Album,NA,https://audio-ssl.itunes.apple.com/itunes-assets/AudioPreview211/v4/bf/b6/a1/bfb6a113-03f1-2832-0ee1-de3515ba56d7/mzaf_11510467876982376346.plus.aac.p.m4a,https://audio-ssl.itunes.apple.com/itunes-assets/AudioPreview211/v4/fd/4c/70/fd4c7029-d13d-9f28-9d54-028765a2594d/mzaf_7174145725832971541.plus.aac.p.m4a,https://audio-ssl.itunes.apple.com/itunes-assets/AudioPreview211/v4/1e/b8/7a/1eb87ac3-8778-a435-30c2-08bd814f70dc/mzaf_3908112864655727291.plus.aac.p.m4a
81463cd8-2608-41d7-9112-acf9981dd054,Her Loss,2022-11-04,her_loss.jpg,data/covers/her_loss.jpg,4322263470,550000000,Rich Flex,Spin Bout U,Pussy & Millions (feat. Travis Scott),Drake,Album,NA,https://audio-ssl.itunes.apple.com/itunes-assets/AudioPreview211/v4/5d/85/19/5d851900-855b-2ddd-7579-d2261f312201/mzaf_8425567731498196475.plus.aac.p.m4a,https://audio-ssl.itunes.apple.com/itunes-assets/AudioPreview221/v4/97/72/7f/97727f97-5bbd-a955-3b37-ab1722f879fd/mzaf_17116570178243478218.plus.aac.p.m4a,https://audio-ssl.itunes.apple.com/itunes-assets/AudioPreview211/v4/ad/95/f8/ad95f8b1-40be-a89f-8a44-f465c37696bf/mzaf_8136551156418057745.plus.aac.p.m4a
68d79778-aceb-486c-88a7-0abb3665344b,If You’re Reading This It’s Too Late,2015-02-12,if_you_re_reading_this_it_s_too_late.jpg,data/covers/if_you_re_reading_this_it_s_too_late.jpg,4071793232,850000000,Energy,Jungle,Know Yourself,Drake,Album,NA,https://audio-ssl.itunes.apple.com/itunes-assets/AudioPreview221/v4/e0/46/f5/e046f52a-e9cd-c9cc-1518-c37edc4b158c/mzaf_7217968000482053618.plus.aac.p.m4a,https://audio-ssl.itunes.apple.com/itunes-assets/AudioPreview221/v4/85/f6/a3/85f6a3c7-0e05-7233-7da8-c7348cb7ff28/mzaf_9169851500995981617.plus.aac.p.m4a,https://audio-ssl.itunes.apple.com/itunes-assets/AudioPreview211/v4/47/64/f0/4764f054-1077-0819-0a47-eb31ff0a31fb/mzaf_7743418835083960197.plus.aac.p.m4a
7c0efd43-6023-400d-8d5c-d808b1cb4094,Thank Me Later,2010-06-14,thank_me_later.jpg,data/covers/thank_me_later.jpg,3242193050,600000000,Fancy,Over,Up All Night,Drake,Album,NA,https://audio-ssl.itunes.apple.com/itunes-assets/AudioPreview211/v4/d8/d4/6d/d8d46dd8-6dfd-82f2-ab12-65e366d7ba60/mzaf_5087978216485299400.plus.aac.p.m4a,https://audio-ssl.itunes.apple.com/itunes-assets/AudioPreview211/v4/88/37/9e/88379eb1-19de-e731-f0ee-f09fa37ee6ab/mzaf_2543553359077477242.plus.aac.p.m4a,https://audio-ssl.itunes.apple.com/itunes-assets/AudioPreview221/v4/1f/37/12/1f3712a5-047b-198d-f5e5-deb28a601fe8/mzaf_16245497295621774657.plus.aac.p.m4a
26d2e1f2-a76e-46ff-a2b5-b4200ac883d5,"Honestly, Nevermind",2022-06-17,honestly_nevermind.jpg,data/covers/honestly_nevermind.jpg,3221470864,450000000,Jimmy Cooks (feat. 21 Savage),Massive,Sticky,Drake,Album,NA,https://audio-ssl.itunes.apple.com/itunes-assets/AudioPreview211/v4/d3/72/99/d37299a2-3cb8-5ab0-558e-5d798969f2dc/mzaf_438731218888905285.plus.aac.p.m4a,https://audio-ssl.itunes.apple.com/itunes-assets/AudioPreview221/v4/e7/2a/28/e72a28ce-2fcf-0a28-b1ef-86c6c681f1e1/mzaf_8356589285924898186.plus.aac.p.m4a,https://audio-ssl.itunes.apple.com/itunes-assets/AudioPreview221/v4/23/60/ba/2360ba05-e6d5-1a24-9f5a-e0e934510b74/mzaf_1681205661614519730.plus.aac.p.m4a
a2e3ca75-1e07-457b-973a-069e8d9c6c56,What a Time to Be Alive,2015-09-20,what_a_time_to_be_alive.jpg,data/covers/what_a_time_to_be_alive.jpg,2183856777,500000000,Jumpman,Big Rings,Diamonds Dancing,Drake,Album,NA,https://audio-ssl.itunes.apple.com/itunes-assets/AudioPreview221/v4/93/f1/31/93f131ce-feb5-dbef-ad21-b4c5fd99846f/mzaf_8501334934618208471.plus.aac.p.m4a,https://audio-ssl.itunes.apple.com/itunes-assets/AudioPreview211/v4/bf/7a/96/bf7a9635-d85e-c56d-fe7b-d720528d99d9/mzaf_475102661171181422.plus.aac.p.m4a,https://audio-ssl.itunes.apple.com/itunes-assets/AudioPreview211/v4/23/ff/40/23ff40b1-ccbc-45c2-218e-9ebe6c83ebf8/mzaf_15999387950784252047.plus.aac.p.m4a
29ab0cbf-ee1d-3832-b930-daddcabd8351,So Far Gone,2009-02-13,so_far_gone.jpg,data/covers/so_far_gone.jpg,1893620649,400000000,Best I Ever Had,Little Bit (feat. Lykke Li),Houstatlantavegas,Drake,Album,NA,https://audio-ssl.itunes.apple.com/itunes-assets/AudioPreview211/v4/46/a1/a7/46a1a74a-bc24-91e6-7fca-334718928181/mzaf_16387926407277270668.plus.aac.p.m4a,NA,https://audio-ssl.itunes.apple.com/itunes-assets/AudioPreview221/v4/00/fe/3f/00fe3f5b-aa1f-eb73-5a6b-98db95c57a57/mzaf_7551677308763292720.plus.aac.p.m4a
c605675f-3373-475c-920c-1b78a331dceb,Care Package,2019-08-02,care_package.jpg,data/covers/care_package.jpg,1785132920,300000000,Trust Issues,The Motion,How Bout Now,Drake,Album,NA,https://audio-ssl.itunes.apple.com/itunes-assets/AudioPreview211/v4/5b/f2/32/5bf232d1-00ba-f254-213f-3073e0dcd2dd/mzaf_2521671169537775980.plus.aac.p.m4a,https://audio-ssl.itunes.apple.com/itunes-assets/AudioPreview211/v4/d0/5a/fc/d05afc65-e695-1e9c-a816-50bcf50b895a/mzaf_680059859764326779.plus.aac.p.m4a,NA
ba1d0c2a-bb07-38bc-835c-a880f76f1309,Taylor Swift,2006-10-24,taylor_swift_taylor_swift.jpg,data/covers/taylor_swift_taylor_swift.jpg,1150000000,400000000,Our Song,Teardrops On My Guitar,Picture To Burn,Taylor Swift,Album,NA,https://audio-ssl.itunes.apple.com/itunes-assets/AudioPreview211/v4/49/22/e5/4922e538-7172-1f13-7b98-673915553bdd/mzaf_16010520491370125418.plus.aac.p.m4a,https://audio-ssl.itunes.apple.com/itunes-assets/AudioPreview221/v4/98/81/d6/9881d6fd-ff6c-d419-449c-a56c83ab7157/mzaf_17515848003174876277.plus.aac.p.m4a,https://audio-ssl.itunes.apple.com/itunes-assets/AudioPreview211/v4/d0/47/2a/d0472a19-d67e-b27c-8d50-78e9c7c07def/mzaf_4204387521125771075.plus.aac.p.m4a
412b9414-280a-485d-b505-3182865a3a6f,Selects,2008,taylor_swift_selects.jpg,data/covers/taylor_swift_selects.jpg,NA,NA,NA,NA,NA,Taylor Swift,Album,Compilation,NA,NA,NA
63eba062-847c-3b73-8b0f-6baf27bba6fa,Fearless,2008-11-11,taylor_swift_fearless.jpg,data/covers/taylor_swift_fearless.jpg,2800000000,1200000000,Love Story,You Belong With Me,White Horse,Taylor Swift,Album,NA,https://audio-ssl.itunes.apple.com/itunes-assets/AudioPreview211/v4/44/8a/a4/448aa432-42ae-8075-fe00-5f2deffe9896/mzaf_13232029737890307916.plus.aac.p.m4a,https://audio-ssl.itunes.apple.com/itunes-assets/AudioPreview211/v4/ec/84/f2/ec84f262-1498-583f-dd5b-cd1a78587bce/mzaf_8651470950553551918.plus.aac.p.m4a,https://audio-ssl.itunes.apple.com/itunes-assets/AudioPreview211/v4/74/05/0b/74050b13-dd4d-3a45-09ad-5c9d0b039794/mzaf_11339468908111525306.plus.aac.p.m4a
ba1259eb-d41e-41c5-a70c-0e6fa73e6708,Speak Now,2010-10-25,taylor_swift_speak_now.jpg,data/covers/taylor_swift_speak_now.jpg,1900000000,650000000,Enchanted,Back To December,Mine,Taylor Swift,Album,NA,NA,https://audio-ssl.itunes.apple.com/itunes-assets/AudioPreview211/v4/3c/23/f8/3c23f8f0-f470-7297-face-dd95e6092aff/mzaf_3771431232214548520.plus.aac.p.m4a,https://audio-ssl.itunes.apple.com/itunes-assets/AudioPreview211/v4/e3/f4/eb/e3f4ebaf-1eb9-7c78-9091-6dcb2780e764/mzaf_17143006541407607590.plus.aac.p.m4a
fb5e3b2c-9291-4c83-a5ae-02201e0e20e3,Unreleased Songs,2012,taylor_swift_unreleased_songs.jpg,data/covers/taylor_swift_unreleased_songs.jpg,NA,NA,NA,NA,NA,Taylor Swift,Album,Compilation,NA,NA,NA
a73cecde-0923-40ad-aad1-e8c24ba6c3d2,Red,2012-08-10,taylor_swift_red.jpg,data/covers/taylor_swift_red.jpg,2400000000,1500000000,I Knew You Were Trouble,We Are Never Ever Getting Back Together,22,Taylor Swift,Album,NA,NA,NA,NA
b58e2837-7645-496c-a28f-9a5a9f6af02f,Complete Album Collection,2013-11-22,taylor_swift_complete_album_collection.jpg,data/covers/taylor_swift_complete_album_collection.jpg,NA,NA,NA,NA,NA,Taylor Swift,Album,Compilation,NA,NA,NA
2d6b471e-831f-4a07-9d22-77a863589746,The Queen Of Country,2014,NA,NA,NA,NA,NA,NA,NA,Taylor Swift,Album,Compilation,NA,NA,NA
4d9ec1c2-58ec-48a4-aa0a-916718adead0,1989,2014-10-24,taylor_swift_1989.jpg,data/covers/taylor_swift_1989.jpg,6700000000,9200000000,Blank Space,Shake It Off,Style,Taylor Swift,Album,NA,https://audio-ssl.itunes.apple.com/itunes-assets/AudioPreview211/v4/79/55/b1/7955b10c-6cb6-462a-861c-8e5cbcacfb76/mzaf_3395570742482345989.plus.aac.p.m4a,https://audio-ssl.itunes.apple.com/itunes-assets/AudioPreview221/v4/11/d5/6d/11d56d4a-ce23-e793-8681-70dc4d35d931/mzaf_5886436202259848624.plus.aac.p.m4a,https://audio-ssl.itunes.apple.com/itunes-assets/AudioPreview211/v4/c7/79/81/c7798117-a0f6-0695-275f-95fd3ef4fdf4/mzaf_9965434137419857797.plus.aac.p.m4a
0510cede-f1a3-4e90-9e1f-f2212224cfc8,Greatest Hits,2015,taylor_swift_greatest_hits.jpg,data/covers/taylor_swift_greatest_hits.jpg,NA,NA,NA,NA,NA,Taylor Swift,Album,Compilation,NA,NA,NA
2c56e608-62ad-4ebe-abd0-3086c7f096c7,The Taylor Swift Megamix,2015,taylor_swift_the_taylor_swift_megamix.jpg,data/covers/taylor_swift_the_taylor_swift_megamix.jpg,NA,NA,NA,NA,NA,Taylor Swift,Album,DJ-mix,NA,NA,NA
f1e9d095-6b33-4565-8d71-0160835650da,Hot Champion,2016-08-14,taylor_swift_hot_champion.jpg,data/covers/taylor_swift_hot_champion.jpg,NA,NA,NA,NA,NA,Taylor Swift,Album,Compilation,NA,NA,NA
06a75f07-80b2-469d-8ce4-11d5aaad3853,Reputation Car High Resolution,2017,taylor_swift_reputation_car_high_resolution.jpg,data/covers/taylor_swift_reputation_car_high_resolution.jpg,NA,NA,NA,NA,NA,Taylor Swift,Album,Compilation,NA,NA,NA
81593389-6a8c-447a-8a22-3fa466045294,Greatest Songs,2017,NA,NA,NA,NA,NA,NA,NA,Taylor Swift,Album,Compilation,NA,NA,NA
f060c8fd-bec9-426e-800e-8efc040a71e6,reputation,2017-11-10,taylor_swift_reputation.jpg,data/covers/taylor_swift_reputation.jpg,6200000000,3100000000,Delicate,Don't Blame Me,Look What You Made Me Do,Taylor Swift,Album,NA,NA,NA,https://audio-ssl.itunes.apple.com/itunes-assets/AudioPreview211/v4/3b/26/64/3b26645a-2c49-f0c7-fa6d-be6ad83b0ae9/mzaf_4194244291813253017.plus.aac.p.m4a
0a5a4bb3-3b68-4ab4-b36d-7523b5beff16,reputation Stadium Tour Surprise Song Playlist,2018-11-30,taylor_swift_reputation_stadium_tour_surprise_song_playlist.jpg,data/covers/taylor_swift_reputation_stadium_tour_surprise_song_playlist.jpg,NA,NA,NA,NA,NA,Taylor Swift,Album,Compilation,NA,NA,NA
b88a27d9-612e-4818-8f56-dab5bf5dcd38,МЕ! [Chinese Import],2019,NA,NA,NA,NA,NA,NA,NA,Taylor Swift,Album,Compilation,NA,NA,NA
30e9785b-7b50-4d29-b3d1-96fb55e3397f,Lover,2019-08-23,taylor_swift_lover.jpg,data/covers/taylor_swift_lover.jpg,8100000000,2400000000,Cruel Summer,Lover,ME! (feat. Brendon Urie),Taylor Swift,Album,NA,https://audio-ssl.itunes.apple.com/itunes-assets/AudioPreview221/v4/44/af/81/44af8168-9609-1b85-5048-ada08dceacf3/mzaf_1341699644335558812.plus.aac.p.m4a,https://audio-ssl.itunes.apple.com/itunes-assets/AudioPreview211/v4/e0/db/47/e0db47b0-7f70-0631-0414-cd4777d2fb3e/mzaf_6362891154838442638.plus.aac.p.m4a,NA
f1d08326-c23b-4b43-be3b-20b33ab10bf6,folklore,2020-07-24,taylor_swift_folklore.jpg,data/covers/taylor_swift_folklore.jpg,5400000000,850000000,cardigan,august,exile (feat. Bon Iver),Taylor Swift,Album,NA,NA,NA,NA
e86d6219-f5a2-4edd-bf2b-3f9eab190ae0,evermore,2020-12-11,taylor_swift_evermore.jpg,data/covers/taylor_swift_evermore.jpg,3200000000,450000000,willow,champagne problems,gold rush,Taylor Swift,Album,NA,NA,https://audio-ssl.itunes.apple.com/itunes-assets/AudioPreview221/v4/ca/dc/d7/cadcd7c0-5916-5d8c-76d9-128b1bc9b199/mzaf_3745454905647581556.plus.aac.p.m4a,NA
bc6d9aac-bcaa-49cf-bb9a-89ccb101e88d,Voice Memos,2021,NA,NA,NA,NA,NA,NA,NA,Taylor Swift,Album,Compilation,NA,NA,NA
2c049f28-a4e0-41c9-b7d8-e0a98951f357,The Vault (deluxe),2021-03-16,taylor_swift_the_vault_deluxe_.jpg,data/covers/taylor_swift_the_vault_deluxe_.jpg,NA,NA,NA,NA,NA,Taylor Swift,Album,NA,NA,NA,NA
c560cfbd-f7a5-4798-b546-978be71f5ead,covered by taylor,2021-03-18,taylor_swift_covered_by_taylor.jpg,data/covers/taylor_swift_covered_by_taylor.jpg,NA,NA,NA,NA,NA,Taylor Swift,Album,Compilation,NA,NA,NA
d2e4838d-90e1-471c-bda0-fd816dabb2d4,Fearless (Taylor’s Version),2021-04-09,taylor_swift_fearless_taylor_s_version_.jpg,data/covers/taylor_swift_fearless_taylor_s_version_.jpg,2500000000,875000000,Mr. Perfectly Fine,Love Story (Taylor’s Version),You Belong With Me (Taylor’s Version),Taylor Swift,Album,NA,https://audio-ssl.itunes.apple.com/itunes-assets/AudioPreview221/v4/d0/88/da/d088da27-b706-5ab6-c4ed-6bdf298dde3a/mzaf_13777560500256273874.plus.aac.p.m4a,NA,NA
67727253-f1c0-4243-9270-f9f1401c3b8c,Red (Taylor’s Version),2021-11-11,taylor_swift_red_taylor_s_version_.jpg,data/covers/taylor_swift_red_taylor_s_version_.jpg,3800000000,1330000000,All Too Well (10 Minute Version),Message In A Bottle,I Bet You Think About Me,Taylor Swift,Album,NA,NA,NA,NA
c4d79e99-b410-4798-8de3-a0afd4564f3f,"The Diary Of Me (The Vault, II)",2021-12-13,taylor_swift_the_diary_of_me_the_vault_ii_.jpg,data/covers/taylor_swift_the_diary_of_me_the_vault_ii_.jpg,NA,NA,NA,NA,NA,Taylor Swift,Album,Compilation,NA,NA,NA
0dcc84fb-c592-46e9-ba92-a52bb44dd553,Midnights,2022-10-21,taylor_swift_midnights.jpg,data/covers/taylor_swift_midnights.jpg,7300000000,1100000000,Anti-Hero,Karma,Midnight Rain,Taylor Swift,Album,NA,https://audio-ssl.itunes.apple.com/itunes-assets/AudioPreview211/v4/1d/56/2a/1d562a07-dc5f-a9c0-1f36-2051a8c14eb7/mzaf_7214829135431340590.plus.aac.p.m4a,NA,NA
0441b1b2-de57-4a9a-b007-1f6e159921d5,Speak Now (Taylor’s Version),2023-07-07,taylor_swift_speak_now_taylor_s_version_.jpg,data/covers/taylor_swift_speak_now_taylor_s_version_.jpg,1700000000,595000000,I Can See You,Enchanted (Taylor's Version),Mine (Taylor's Version),Taylor Swift,Album,NA,NA,NA,NA
1c4770b3-b7a3-4d44-a7a9-8e2dbb74b85a,1989 (Taylor’s Version),2023-10-27,taylor_swift_1989_taylor_s_version_.jpg,data/covers/taylor_swift_1989_taylor_s_version_.jpg,3100000000,1085000000,Is It Over Now?,Now That We Don't Talk,“Slut!”,Taylor Swift,Album,NA,NA,NA,NA
2a6b9e56-7314-4709-9dc7-924cdc300385,Lover The Secret Studio Sessions,2024,NA,NA,NA,NA,NA,NA,NA,Taylor Swift,Album,NA,NA,NA,NA
b3271fbb-164f-44ee-9309-7327a9e1d40f,Lucky 13 (Another One for the Swifties),2024,NA,NA,NA,NA,NA,NA,NA,Taylor Swift,Album,Compilation,NA,NA,NA
bd61ffde-ec85-4a12-a134-c6db179bc13d,Hot N' Cold N' In-Between,2024-02-02,taylor_swift_hot_n_cold_n_in_between.jpg,data/covers/taylor_swift_hot_n_cold_n_in_between.jpg,NA,NA,NA,NA,NA,Taylor Swift,Album,Compilation,NA,NA,NA
71c3eed6-466c-4aef-ad12-65a36d19467a,THE TORTURED POETS DEPARTMENT,2024-04-19,taylor_swift_the_tortured_poets_department.jpg,data/covers/taylor_swift_the_tortured_poets_department.jpg,4900000000,950000000,Fortnight (feat. Post Malone),I Can Do It With a Broken Heart,Down Bad,Taylor Swift,Album,NA,https://audio-ssl.itunes.apple.com/itunes-assets/AudioPreview211/v4/90/67/b5/9067b561-f437-d4ce-1f2f-ac3913339d72/mzaf_9669199482319820236.plus.aac.p.m4a,NA,https://audio-ssl.itunes.apple.com/itunes-assets/AudioPreview221/v4/52/34/36/523436df-2227-f917-5fde-c3809af57c56/mzaf_3517652386777633563.plus.aac.p.m4a
8daa3881-8fbd-49e5-a71b-913171b73ed5,THE TORTURED POETS DEPARTMENT: THE ANTHOLOGY,2024-04-19,NA,NA,NA,NA,NA,NA,NA,Taylor Swift,Album,NA,NA,NA,NA
77721243-ad7b-4750-8b3b-e4574126415f,From The Vault,2025-09-13,taylor_swift_from_the_vault.jpg,data/covers/taylor_swift_from_the_vault.jpg,NA,NA,NA,NA,NA,Taylor Swift,Album,Compilation,NA,NA,NA
9ae7e7e9-ac40-4874-bd43-d77a9bb9b617,The Life of a Showgirl,2025-10-03,taylor_swift_the_life_of_a_showgirl.jpg,data/covers/taylor_swift_the_life_of_a_showgirl.jpg,NA,NA,NA,NA,NA,Taylor Swift,Album,NA,NA,NA,NA
9eba2279-d4d1-4d0d-9b45-da09aa86b251,Project Baby,2013-12-27,kodak_black_project_baby.jpg,data/covers/kodak_black_project_baby.jpg,450000000,157500000,Shoulda Woulda,All Day,4th Quarter,Kodak Black,Album,Mixtape/Street,https://audio-ssl.itunes.apple.com/itunes-assets/AudioPreview125/v4/80/75/5f/80755f95-7214-964b-b9ff-40fa9ce3a9a2/mzaf_7919103347979429281.plus.aac.p.m4a,NA,NA
013842a9-da56-42e2-a3a6-79df4c78a8c0,Heart of the Projects,2014-12-25,kodak_black_heart_of_the_projects.jpg,data/covers/kodak_black_heart_of_the_projects.jpg,550000000,192500000,Skrilla,No Flocking,SKRT,Kodak Black,Album,Mixtape/Street,NA,https://audio-ssl.itunes.apple.com/itunes-assets/AudioPreview221/v4/fc/f6/31/fcf631e2-c318-fffc-5eb0-a1fefca7e88b/mzaf_3001449681515781992.plus.aac.p.m4a,https://audio-ssl.itunes.apple.com/itunes-assets/AudioPreview221/v4/a2/63/47/a2634719-61ae-ecbf-1767-fccd7fb46ec7/mzaf_7384248140536947466.plus.aac.p.m4a
5e104f83-bdf5-4642-9b62-ba279e99192d,Institution,2015-12-25,kodak_black_institution.jpg,data/covers/kodak_black_institution.jpg,720000000,252000000,Like Dat,Institution,Shake Back,Kodak Black,Album,Mixtape/Street,NA,NA,NA
5d85428d-90e3-402c-a46c-b7745ba5fb88,Lil B.I.G. Pac,2016-06-10,kodak_black_lil_b_i_g_pac.jpg,data/covers/kodak_black_lil_b_i_g_pac.jpg,610000000,213500000,Purp,Can I,Everything 1K,Kodak Black,Album,Mixtape/Street,NA,NA,NA
e8fbb50c-1bc5-4f0d-b336-28046155e093,Painting Pictures,2017-03-31,kodak_black_painting_pictures.jpg,data/covers/kodak_black_painting_pictures.jpg,2300000000,900000000,Tunnel Vision,There He Go,Patty Cake,Kodak Black,Album,NA,NA,NA,NA
8fab278b-39f0-4b8d-b0f4-9fc0cb3ca625,Project Baby Two,2017-08-18,kodak_black_project_baby_two.jpg,data/covers/kodak_black_project_baby_two.jpg,2800000000,1100000000,Roll in Peace (feat. XXXTENTACION),Transportin',Codeine Dreaming (feat. Lil Wayne),Kodak Black,Album,Mixtape/Street,NA,NA,NA
9adba5ea-dbe8-45e0-a165-12475631f663,F.E.M.A.,2017-10-31,kodak_black_f_e_m_a_.jpg,data/covers/kodak_black_f_e_m_a_.jpg,NA,NA,NA,NA,NA,Kodak Black,Album,Mixtape/Street,NA,NA,NA
50d92942-c455-44b8-8983-a8c22ff12dcc,Kill Bill,2018,kodak_black_kill_bill.jpg,data/covers/kodak_black_kill_bill.jpg,NA,NA,NA,NA,NA,Kodak Black,Album,Mixtape/Street,NA,NA,NA
933c0deb-ac8c-4477-a69d-fc38171a7d98,Heart Break Kodak,2018-02-14,kodak_black_heart_break_kodak.jpg,data/covers/kodak_black_heart_break_kodak.jpg,890000000,311500000,Feelin' Peachy,Running Outta Love,When Vultures Cry,Kodak Black,Album,Mixtape/Street,NA,NA,NA
cb5cbfa5-e068-4b1b-9628-86a6f823bc8c,Dying to Live,2018-12-13,kodak_black_dying_to_live.jpg,data/covers/kodak_black_dying_to_live.jpg,3400000000,1500000000,ZEZE (feat. Travis Scott & Offset),Calling My Spirit,Take One,Kodak Black,Album,NA,https://audio-ssl.itunes.apple.com/itunes-assets/AudioPreview211/v4/cb/75/9c/cb759c49-700d-a1e4-2824-cc7d9df6653a/mzaf_17773219410236757114.plus.aac.p.m4a,NA,NA
2920773b-90a6-4f60-994b-684f16d55733,Bill Israel,2020-11-11,kodak_black_bill_israel.jpg,data/covers/kodak_black_bill_israel.jpg,580000000,203000000,Feeling Myself,I Knew It (feat. Gucci Mane),Pilly Breaker,Kodak Black,Album,NA,NA,NA,NA
028f885f-b511-4ec0-bd9d-a2eb40bd017e,Haitian Boy Kodak,2021-05-14,kodak_black_haitian_boy_kodak.jpg,data/covers/kodak_black_haitian_boy_kodak.jpg,620000000,217000000,Maffioso,Oracle,Don't Leave Me,Kodak Black,Album,Mixtape/Street,NA,NA,NA
331bd0dd-59ad-41a6-b834-b015329563d6,Before the Album,2021-08-07,kodak_black_before_the_album.jpg,data/covers/kodak_black_before_the_album.jpg,430000000,150500000,Senseless,Right Off the Hop,Don't Leave Me,Kodak Black,Album,Mixtape/Street,NA,NA,NA
7f85eacd-7567-4400-b01a-14b05df77f22,Back for Everything,2022-02-25,kodak_black_back_for_everything.jpg,data/covers/kodak_black_back_for_everything.jpg,2100000000,800000000,Super Gremlin,Usain Boo,Grinding All Season,Kodak Black,Album,NA,https://audio-ssl.itunes.apple.com/itunes-assets/AudioPreview211/v4/26/2e/cf/262ecf29-ea03-214d-73a9-332697fb16e1/mzaf_14475928474019863579.plus.aac.p.m4a,NA,NA
5146c84f-f77e-4129-b931-09f5befb9763,"Kutthroat Bill, Vol. 1",2022-10-28,kodak_black_kutthroat_bill_vol_1.jpg,data/covers/kodak_black_kutthroat_bill_vol_1.jpg,750000000,262500000,Walk,300 Blackout,Spin,Kodak Black,Album,Mixtape/Street,NA,NA,NA
8adb4d3c-7967-4d85-99a5-c23634a7664d,Pistolz & Pearlz,2023-05-26,kodak_black_pistolz_pearlz.jpg,data/covers/kodak_black_pistolz_pearlz.jpg,320000000,112000000,No Love For A Thug,Church on Saturday,Gunsmoke Town,Kodak Black,Album,NA,NA,NA,NA
64e298e9-353e-4af0-a9f0-81dcd07a2e64,When I Was Dead,2023-11-10,kodak_black_when_i_was_dead.jpg,data/covers/kodak_black_when_i_was_dead.jpg,380000000,133000000,Lemme See,2'CY,Came Thru Flushin',Kodak Black,Album,NA,NA,NA,NA
daba6a91-eabf-4429-ad73-7a2682bbc6fe,Vulture Love Presents: The Last Zombies on Earth,2024-05-31,kodak_black_vulture_love_presents_the_last_zombies_on_earth.jpg,data/covers/kodak_black_vulture_love_presents_the_last_zombies_on_earth.jpg,NA,NA,NA,NA,NA,Kodak Black,Album,NA,NA,NA,NA
36089fe5-6014-48b9-ab60-487bb0b1b8f1,Dieuson Octave,2024-11-01,kodak_black_dieuson_octave.jpg,data/covers/kodak_black_dieuson_octave.jpg,NA,NA,NA,NA,NA,Kodak Black,Album,NA,NA,NA,NA
098b7101-61ad-43fa-9d03-11ff33a00029,Trill Bill,2024-11-29,kodak_black_trill_bill.jpg,data/covers/kodak_black_trill_bill.jpg,NA,NA,NA,NA,NA,Kodak Black,Album,NA,NA,NA,NA
f152fd79-c3a3-4b53-8df0-12496e5c9db0,Gift for the Streets,2024-12-25,kodak_black_gift_for_the_streets.jpg,data/covers/kodak_black_gift_for_the_streets.jpg,NA,NA,NA,NA,NA,Kodak Black,Album,Mixtape/Street,NA,NA,NA
29768736-cf39-467b-a7d5-d532beaf703e,Just Getting Started,2025-10-31,kodak_black_just_getting_started.jpg,data/covers/kodak_black_just_getting_started.jpg,NA,NA,NA,NA,NA,Kodak Black,Album,NA,NA,NA,NA
888c52d2-77f1-482c-8bc1-287b49f7e8cb,Kodak The Blessing,2026-06-12,kodak_black_kodak_the_blessing.jpg,data/covers/kodak_black_kodak_the_blessing.jpg,NA,NA,NA,NA,NA,Kodak Black,Album,NA,NA,NA,NA
c497fc44-ddaf-3cce-a9b4-bfec958a0f3c,"Greetings From Asbury Park, N.J.",1973-01-05,bruce_springsteen_greetings_from_asbury_park_n_j_.jpg,data/covers/bruce_springsteen_greetings_from_asbury_park_n_j_.jpg,450000000,157500000,Blinded by the Light,Spirit in the Night,Growin' Up,Bruce Springsteen,Album,NA,NA,NA,NA
4b443e66-52a7-3cc9-a522-0dc64a6a51dc,"The Wild, the Innocent & The E Street Shuffle",1973-11-05,bruce_springsteen_the_wild_the_innocent_the_e_street_shuffle.jpg,data/covers/bruce_springsteen_the_wild_the_innocent_the_e_street_shuffle.jpg,380000000,133000000,Rosalita (Come Out Tonight),"4th of July, Asbury Park (Sandy)",Incident on 57th Street,Bruce Springsteen,Album,NA,NA,NA,NA
39b22944-7503-3937-8bba-09b17281cc6a,Born to Run,1975-08-25,bruce_springsteen_born_to_run.jpg,data/covers/bruce_springsteen_born_to_run.jpg,1400000000,450000000,Born to Run,Thunder Road,Jungleland,Bruce Springsteen,Album,NA,https://audio-ssl.itunes.apple.com/itunes-assets/AudioPreview211/v4/7b/75/d7/7b75d7ab-1884-b4f1-2977-24baea23a75d/mzaf_2829269432544331189.plus.aac.p.m4a,NA,NA
b613123b-a234-3f48-9c45-e05bf4e6b9e7,Darkness on the Edge of Town,1978-05,bruce_springsteen_darkness_on_the_edge_of_town.jpg,data/covers/bruce_springsteen_darkness_on_the_edge_of_town.jpg,850000000,297500000,Badlands,The Promised Land,Racing in the Street,Bruce Springsteen,Album,NA,NA,NA,NA
f4790d67-2e8c-42b8-828a-68d936fd119a,"Greetings From Asbury Park, N.J. / The Wild, the Innocent and the E Street Shuffle / Born to Run",1980,bruce_springsteen_greetings_from_asbury_park_n_j_the_wild_the_innocent_and_the_e_street_shuffle_born_to_run.jpg,data/covers/bruce_springsteen_greetings_from_asbury_park_n_j_the_wild_the_innocent_and_the_e_street_shuffle_born_to_run.jpg,NA,NA,NA,NA,NA,Bruce Springsteen,Album,Compilation,NA,NA,NA
8a6f6ede-b60a-3cad-b3b9-cfb57e9e1dbd,The River,1980-10-10,bruce_springsteen_the_river.jpg,data/covers/bruce_springsteen_the_river.jpg,1100000000,385000000,The River,Hungry Heart,Drive All Night,Bruce Springsteen,Album,NA,NA,NA,NA
cc168b35-1bc6-4f93-baaa-c9825fcd3699,Bruce Springsteen,1982,bruce_springsteen_bruce_springsteen.jpg,data/covers/bruce_springsteen_bruce_springsteen.jpg,NA,NA,NA,NA,NA,Bruce Springsteen,Album,Compilation,NA,NA,NA
dfe499e1-df9a-44df-8f95-65af2ba16eb3,Retrospective,1982,bruce_springsteen_retrospective.jpg,data/covers/bruce_springsteen_retrospective.jpg,NA,NA,NA,NA,NA,Bruce Springsteen,Album,Compilation,NA,NA,NA
324aee0c-36ec-35c1-9c93-b67a1d428037,Nebraska,1982-09-20,bruce_springsteen_nebraska.jpg,data/covers/bruce_springsteen_nebraska.jpg,420000000,147000000,Atlantic City,Nebraska,Highway Patrolman,Bruce Springsteen,Album,NA,NA,NA,NA
3c39a076-8e52-38f2-8076-260d0672fb23,Born in the U.S.A.,1984-05,bruce_springsteen_born_in_the_u_s_a_.jpg,data/covers/bruce_springsteen_born_in_the_u_s_a_.jpg,3200000000,1100000000,Dancing in the Dark,Born in the U.S.A.,I'm on Fire,Bruce Springsteen,Album,NA,NA,NA,NA
0d849d30-df2d-442e-bc3f-0476027faedc,The Born in the U.S.A. 12″ Single Collection,1985,bruce_springsteen_the_born_in_the_u_s_a_12_single_collection.jpg,data/covers/bruce_springsteen_the_born_in_the_u_s_a_12_single_collection.jpg,NA,NA,NA,NA,NA,Bruce Springsteen,Album,Compilation,NA,NA,NA
b3559cb2-d7ad-32eb-a17e-54a873ce4122,Tunnel of Love,1987-09-30,bruce_springsteen_tunnel_of_love.jpg,data/covers/bruce_springsteen_tunnel_of_love.jpg,580000000,203000000,Tougher Than the Rest,Brilliant Disguise,Tunnel of Love,Bruce Springsteen,Album,NA,NA,NA,NA
4318adaa-84bb-4f6b-8e2e-4689fc1067be,"The Wild, the Innocent & the E Street Shuffle / Darkness on the Edge of Town",1988,bruce_springsteen_the_wild_the_innocent_the_e_street_shuffle_darkness_on_the_edge_of_town.jpg,data/covers/bruce_springsteen_the_wild_the_innocent_the_e_street_shuffle_darkness_on_the_edge_of_town.jpg,NA,NA,NA,NA,NA,Bruce Springsteen,Album,Compilation,NA,NA,NA
c760a3af-763f-48c9-bc8d-5001130c7331,The Bruce Springsteen Collection,1988,bruce_springsteen_the_bruce_springsteen_collection.jpg,data/covers/bruce_springsteen_the_bruce_springsteen_collection.jpg,NA,NA,NA,NA,NA,Bruce Springsteen,Album,Compilation,NA,NA,NA
514ef4c3-e518-4181-947b-bba360056b62,Video Anthology / 1978–88,1989-03-21,bruce_springsteen_video_anthology_1978_88.jpg,data/covers/bruce_springsteen_video_anthology_1978_88.jpg,NA,NA,NA,NA,NA,Bruce Springsteen,Album,Compilation,NA,NA,NA
8435fc60-e3c1-439d-896d-7deb2fe4489c,"Greetings From Asbury Park N.J. / The Wild, the Innocent and the E Street Shuffle / Darkness on the Edge of Town",1990,bruce_springsteen_greetings_from_asbury_park_n_j_the_wild_the_innocent_and_the_e_street_shuffle_darkness_on_the_edge_of_town.jpg,data/covers/bruce_springsteen_greetings_from_asbury_park_n_j_the_wild_the_innocent_and_the_e_street_shuffle_darkness_on_the_edge_of_town.jpg,NA,NA,NA,NA,NA,Bruce Springsteen,Album,Compilation,NA,NA,NA
a98a27c8-5da5-4a8d-a98f-90a91b776e0a,Collected Works of Bruce Springsteen,1990,bruce_springsteen_collected_works_of_bruce_springsteen.jpg,data/covers/bruce_springsteen_collected_works_of_bruce_springsteen.jpg,NA,NA,NA,NA,NA,Bruce Springsteen,Album,Compilation,NA,NA,NA
21a2cabb-d1cc-4eaf-ac0a-6bd349441f9c,"Nebraska / Greetings From Asbury Park, N.J.",1991,bruce_springsteen_nebraska_greetings_from_asbury_park_n_j_.jpg,data/covers/bruce_springsteen_nebraska_greetings_from_asbury_park_n_j_.jpg,NA,NA,NA,NA,NA,Bruce Springsteen,Album,Compilation,NA,NA,NA
88813fc2-9ed6-4644-9290-df2411d1670d,"Greetings From Asbury Park, N.J. / The Wild, the Innocent and the E Street Shuffle",1991-12-02,bruce_springsteen_greetings_from_asbury_park_n_j_the_wild_the_innocent_and_the_e_street_shuffle.jpg,data/covers/bruce_springsteen_greetings_from_asbury_park_n_j_the_wild_the_innocent_and_the_e_street_shuffle.jpg,NA,NA,NA,NA,NA,Bruce Springsteen,Album,Compilation,NA,NA,NA
6d954eab-7389-4dbb-aaca-7037b71e6e22,Nebraska / Darkness on the Edge of Town,1992,bruce_springsteen_nebraska_darkness_on_the_edge_of_town.jpg,data/covers/bruce_springsteen_nebraska_darkness_on_the_edge_of_town.jpg,NA,NA,NA,NA,NA,Bruce Springsteen,Album,Compilation,NA,NA,NA
81e56a68-8b36-43e7-b3ab-1084f824448b,Human Touch & Lucky Town,1992,bruce_springsteen_human_touch_lucky_town.jpg,data/covers/bruce_springsteen_human_touch_lucky_town.jpg,NA,NA,NA,NA,NA,Bruce Springsteen,Album,Compilation,NA,NA,NA
220de9c6-fa5f-39e3-ae89-1faf8a8bbc67,Human Touch,1992-03-26,bruce_springsteen_human_touch.jpg,data/covers/bruce_springsteen_human_touch.jpg,280000000,98000000,Human Touch,Roll of the Dice,57 Channels (And Nothin' On),Bruce Springsteen,Album,NA,NA,NA,NA
c0e8b10a-9478-30ea-a299-90ab2b703ab0,Lucky Town,1992-03-26,bruce_springsteen_lucky_town.jpg,data/covers/bruce_springsteen_lucky_town.jpg,260000000,91000000,Better Days,If I Should Fall Behind,Lucky Town,Bruce Springsteen,Album,NA,NA,NA,NA
12099757-b8a8-45d8-b95a-9bb5dc2748e7,A Concert for the Kristen Ann Carr Fund,1993,bruce_springsteen_a_concert_for_the_kristen_ann_carr_fund.jpg,data/covers/bruce_springsteen_a_concert_for_the_kristen_ann_carr_fund.jpg,NA,NA,NA,NA,NA,Bruce Springsteen,Album,Compilation,NA,NA,NA
c7d15bdb-2c9b-44f1-b76e-2cdde02b4d2e,Born to Run / Darkness on the Edge of Town,1995,bruce_springsteen_born_to_run_darkness_on_the_edge_of_town.jpg,data/covers/bruce_springsteen_born_to_run_darkness_on_the_edge_of_town.jpg,NA,NA,NA,NA,NA,Bruce Springsteen,Album,Compilation,NA,NA,NA
46ab3187-496d-3565-900e-57d89bacd22c,The Ghost of Tom Joad,1995-11-21,bruce_springsteen_the_ghost_of_tom_joad.jpg,data/covers/bruce_springsteen_the_ghost_of_tom_joad.jpg,190000000,66500000,The Ghost of Tom Joad,Youngstown,Sinaloa Cowboys,Bruce Springsteen,Album,NA,NA,NA,NA
8c632eed-9d50-4bc8-b76d-9c99313d0113,Blood Brothers,1996-11-19,bruce_springsteen_blood_brothers.jpg,data/covers/bruce_springsteen_blood_brothers.jpg,NA,NA,NA,NA,NA,Bruce Springsteen,Album,Compilation,NA,NA,NA
60ba10e0-9f77-3237-8b0a-967b31679a1b,Tracks,1998-11-10,bruce_springsteen_tracks.jpg,data/covers/bruce_springsteen_tracks.jpg,NA,NA,NA,NA,NA,Bruce Springsteen,Album,Compilation,NA,NA,NA
609d33d6-e77e-3983-8670-1e1a0172453d,18 Tracks,1999-03-25,bruce_springsteen_18_tracks.jpg,data/covers/bruce_springsteen_18_tracks.jpg,NA,NA,NA,NA,NA,Bruce Springsteen,Album,Compilation,NA,NA,NA
ddf3e647-82c7-4589-967d-30d3fde36756,Nebraska / Tunnel of Love / The Ghost of Tom Joad,2002,bruce_springsteen_nebraska_tunnel_of_love_the_ghost_of_tom_joad.jpg,data/covers/bruce_springsteen_nebraska_tunnel_of_love_the_ghost_of_tom_joad.jpg,NA,NA,NA,NA,NA,Bruce Springsteen,Album,Compilation,NA,NA,NA
d19453c0-cd72-3468-b110-0f898c111e5e,The Rising,2002-07-29,bruce_springsteen_the_rising.jpg,data/covers/bruce_springsteen_the_rising.jpg,620000000,217000000,Waitin' on a Sunny Day,The Rising,Lonesome Day,Bruce Springsteen,Album,NA,NA,NA,NA
c3369f7a-b550-4a2f-beb9-b64675015705,The Essential Bruce Springsteen,2003-11-10,bruce_springsteen_the_essential_bruce_springsteen.jpg,data/covers/bruce_springsteen_the_essential_bruce_springsteen.jpg,NA,NA,NA,NA,NA,Bruce Springsteen,Album,Compilation,NA,NA,NA
6e44ac1b-536d-4766-9c65-3599571d3691,Nebraska / Lucky Town / In Concert: MTV Plugged,2005,bruce_springsteen_nebraska_lucky_town_in_concert_mtv_plugged.jpg,data/covers/bruce_springsteen_nebraska_lucky_town_in_concert_mtv_plugged.jpg,NA,NA,NA,NA,NA,Bruce Springsteen,Album,Compilation,NA,NA,NA
d5f992ab-6238-3b28-bf2b-7b16d913c9f6,Devils & Dust,2005-04-25,bruce_springsteen_devils_dust.jpg,data/covers/bruce_springsteen_devils_dust.jpg,180000000,63000000,Devils & Dust,Long Time Comin',All the Way Home,Bruce Springsteen,Album,NA,NA,NA,NA
602387fa-a76f-3895-9039-1c812c6cb28c,We Shall Overcome: The Seeger Sessions,2006-04-24,bruce_springsteen_we_shall_overcome_the_seeger_sessions.jpg,data/covers/bruce_springsteen_we_shall_overcome_the_seeger_sessions.jpg,NA,NA,NA,NA,NA,Bruce Springsteen,Album,NA,NA,NA,NA
3b75264e-b299-43b1-836a-b3e65c5778ea,Definitive Collection,2006-09,bruce_springsteen_definitive_collection.jpg,data/covers/bruce_springsteen_definitive_collection.jpg,NA,NA,NA,NA,NA,Bruce Springsteen,Album,Compilation,NA,NA,NA
af4e50d8-b08e-4c60-9395-2c147ede62eb,Nebraska / The Ghost of Tom Joad,2006-09-30,bruce_springsteen_nebraska_the_ghost_of_tom_joad.jpg,data/covers/bruce_springsteen_nebraska_the_ghost_of_tom_joad.jpg,NA,NA,NA,NA,NA,Bruce Springsteen,Album,Compilation,NA,NA,NA
5af7998f-9b53-3ebb-8f09-ebfbca703a59,Magic,2007-07-17,bruce_springsteen_magic.jpg,data/covers/bruce_springsteen_magic.jpg,250000000,87500000,Radio Nowhere,Girls in Their Summer Clothes,Long Walk Home,Bruce Springsteen,Album,NA,NA,NA,NA
9cec178a-f785-33c5-8888-63ba27efca4c,Working on a Dream,2008-12-03,bruce_springsteen_working_on_a_dream.jpg,data/covers/bruce_springsteen_working_on_a_dream.jpg,210000000,73500000,The Wrestler,Working on a Dream,Outlaw Pete,Bruce Springsteen,Album,NA,NA,NA,NA
4039e96d-8312-36be-8511-d6b786043ebf,Greatest Hits,2009-01-13,bruce_springsteen_greatest_hits.jpg,data/covers/bruce_springsteen_greatest_hits.jpg,1800000000,600000000,Secret Garden,Streets of Philadelphia,Badlands,Bruce Springsteen,Album,Compilation,NA,NA,NA
3eb2f3c8-1975-48b2-b455-acc202057386,The Collection 1973–84,2010-08-13,bruce_springsteen_the_collection_1973_84.jpg,data/covers/bruce_springsteen_the_collection_1973_84.jpg,NA,NA,NA,NA,NA,Bruce Springsteen,Album,Compilation,NA,NA,NA
2872c420-5a5f-482e-b00c-199541c5b9b3,The Promise,2010-11-12,bruce_springsteen_the_promise.jpg,data/covers/bruce_springsteen_the_promise.jpg,NA,NA,NA,NA,NA,Bruce Springsteen,Album,Compilation,NA,NA,NA
2cdcbdc4-b5b1-4afa-853f-f84faae2a0e0,The Promise: The Darkness on the Edge of Town Story,2010-11-16,bruce_springsteen_the_promise_the_darkness_on_the_edge_of_town_story.jpg,data/covers/bruce_springsteen_the_promise_the_darkness_on_the_edge_of_town_story.jpg,NA,NA,NA,NA,NA,Bruce Springsteen,Album,Compilation,NA,NA,NA
d875c2f0-27d5-4946-81f9-3ebaf6636ccd,Wrecking Ball,2012-03-02,bruce_springsteen_wrecking_ball.jpg,data/covers/bruce_springsteen_wrecking_ball.jpg,290000000,101500000,We Take Care of Our Own,Wrecking Ball,Land of Hope and Dreams,Bruce Springsteen,Album,NA,NA,NA,NA
7e740659-f899-49f3-9790-66116d64e9e4,Collection: 1973–2012,2013-03-08,bruce_springsteen_collection_1973_2012.jpg,data/covers/bruce_springsteen_collection_1973_2012.jpg,NA,NA,NA,NA,NA,Bruce Springsteen,Album,Compilation,NA,NA,NA
e9afb320-60f4-42b1-bc4d-49d7d2e49010,High Hopes,2014-01-10,bruce_springsteen_high_hopes.jpg,data/covers/bruce_springsteen_high_hopes.jpg,160000000,56000000,High Hopes,Dream Baby Dream,American Skin (41 Shots),Bruce Springsteen,Album,NA,NA,NA,NA
229019c4-e9da-4bc4-b857-ebf1ac583f2a,"The Album Collection, Vol. 1: 1973–1984",2014-11-14,bruce_springsteen_the_album_collection_vol_1_1973_1984.jpg,data/covers/bruce_springsteen_the_album_collection_vol_1_1973_1984.jpg,NA,NA,NA,NA,NA,Bruce Springsteen,Album,Compilation,NA,NA,NA
8de6367e-f8bb-43cd-8ad9-180cae0c6859,Chapter and Verse,2016-09-23,bruce_springsteen_chapter_and_verse.jpg,data/covers/bruce_springsteen_chapter_and_verse.jpg,NA,NA,NA,NA,NA,Bruce Springsteen,Album,Compilation,NA,NA,NA
c0ae827c-bb5b-4c98-ab3a-1d9573c110ac,Western Stars,2019-05-20,bruce_springsteen_western_stars.jpg,data/covers/bruce_springsteen_western_stars.jpg,240000000,84000000,Hello Sunshine,Western Stars,Tucson Train,Bruce Springsteen,Album,NA,NA,NA,NA
48e335f3-8e4a-4e38-b2df-e1514b9f9126,Letter to You,2020-10-23,bruce_springsteen_letter_to_you.jpg,data/covers/bruce_springsteen_letter_to_you.jpg,230000000,80500000,Letter to You,Ghosts,I'll See You in My Dreams,Bruce Springsteen,Album,NA,NA,NA,NA
d6c1b942-edc7-4bca-bd34-6c43760272af,"Only the Strong Survive: Covers, Vol. 1",2022-11-11,bruce_springsteen_only_the_strong_survive_covers_vol_1.jpg,data/covers/bruce_springsteen_only_the_strong_survive_covers_vol_1.jpg,140000000,49000000,Do I Love You (Indeed I Do),Nightshift,Turn Back the Hands of Time,Bruce Springsteen,Album,NA,NA,NA,NA
c1fcee20-dbc4-4bea-98c3-26b2b514986d,Japanese Singles Collection: Greatest Hits,2023-10-25,bruce_springsteen_japanese_singles_collection_greatest_hits.jpg,data/covers/bruce_springsteen_japanese_singles_collection_greatest_hits.jpg,NA,NA,NA,NA,NA,Bruce Springsteen,Album,Compilation,NA,NA,NA
14a3c52f-855e-4c76-8de6-37f395e8aeab,Best of Bruce Springsteen,2024-04-19,bruce_springsteen_best_of_bruce_springsteen.jpg,data/covers/bruce_springsteen_best_of_bruce_springsteen.jpg,NA,NA,NA,NA,NA,Bruce Springsteen,Album,Compilation,NA,NA,NA
1b16edcb-a529-4e05-85da-0e896b8a907a,Lost and Found: Selections From the Lost Albums,2025-06-27,bruce_springsteen_lost_and_found_selections_from_the_lost_albums.jpg,data/covers/bruce_springsteen_lost_and_found_selections_from_the_lost_albums.jpg,NA,NA,NA,NA,NA,Bruce Springsteen,Album,Compilation,NA,NA,NA
f731060c-05d4-439d-8351-59e5e5eb91a0,Tracks II: The Lost Albums,2025-06-27,bruce_springsteen_tracks_ii_the_lost_albums.jpg,data/covers/bruce_springsteen_tracks_ii_the_lost_albums.jpg,NA,NA,NA,NA,NA,Bruce Springsteen,Album,Compilation,NA,NA,NA
02a544b3-0459-42c7-bd9c-047162e7b67a,HIT ME HARD AND SOFT,2024-05-17,billie_eilish_hit_me_hard_and_soft.jpg,data/covers/billie_eilish_hit_me_hard_and_soft.jpg,4900000000,900000000,BIRDS OF A FEATHER,LUNCH,WILDFLOWER,Billie Eilish,Album,NA,NA,NA,NA
07b12d09-f25f-43ec-9361-600f373843d4,Happier Than Ever: Acapellas,2021,billie_eilish_happier_than_ever_acapellas.jpg,data/covers/billie_eilish_happier_than_ever_acapellas.jpg,NA,NA,NA,NA,NA,Billie Eilish,Album,Remix,NA,NA,NA
14fcdc7c-8b2c-481c-8f7e-9d53d31a5db1,HIT ME HARD AND SOFT: THE TOUR (LIVE),2026-05-01,billie_eilish_hit_me_hard_and_soft_the_tour_live.jpg,data/covers/billie_eilish_hit_me_hard_and_soft_the_tour_live.jpg,NA,NA,NA,NA,NA,Billie Eilish,Album,Live,NA,NA,NA
364e4cf4-63ce-4880-a619-35512501a818,"Singles, Rarities & Remixes",2019,billie_eilish_singles_rarities_remixes.jpg,data/covers/billie_eilish_singles_rarities_remixes.jpg,NA,NA,NA,NA,NA,Billie Eilish,Album,Compilation/Remix,NA,NA,NA
3ac5236a-3bd8-44c6-ab60-69b013594ae6,Happier Than Ever,2021-07-30,billie_eilish_happier_than_ever.jpg,data/covers/billie_eilish_happier_than_ever.jpg,5800000000,1400000000,Happier Than Ever,Therefore I Am,my future,Billie Eilish,Album,NA,NA,NA,NA
4d69483f-858d-46c3-8e02-760bb2bedd38,eilish,2017,billie_eilish_eilish.jpg,data/covers/billie_eilish_eilish.jpg,NA,NA,NA,NA,NA,Billie Eilish,Album,Compilation,NA,NA,NA
6e5a2eb5-fc4d-46e0-a320-b622f8effb54,"WHEN WE ALL FALL ASLEEP, WHERE DO WE GO? / Happier Than Ever",2022-06-10,billie_eilish_when_we_all_fall_asleep_where_do_we_go_happier_than_ever.jpg,data/covers/billie_eilish_when_we_all_fall_asleep_where_do_we_go_happier_than_ever.jpg,NA,NA,NA,NA,NA,Billie Eilish,Album,Compilation,NA,NA,NA
72375978-a9a1-4254-b957-85565c716b7e,"WHEN WE ALL FALL ASLEEP, WHERE DO WE GO?",2019-03-29,billie_eilish_when_we_all_fall_asleep_where_do_we_go.jpg,data/covers/billie_eilish_when_we_all_fall_asleep_where_do_we_go.jpg,10500000000,3600000000,bad guy,when the party's over,bury a friend,Billie Eilish,Album,NA,NA,NA,NA
cb32c113-b2d7-4535-b7ec-04b6218d4702,L'Intégrale de ses albums,2025-11-21,billie_eilish_l_int_grale_de_ses_albums.jpg,data/covers/billie_eilish_l_int_grale_de_ses_albums.jpg,NA,NA,NA,NA,NA,Billie Eilish,Album,Compilation,NA,NA,NA
fbd079d3-ae70-49b1-847e-069033ee2a48,Live at Third Man Records,2019-12-06,billie_eilish_live_at_third_man_records.jpg,data/covers/billie_eilish_live_at_third_man_records.jpg,NA,NA,NA,NA,NA,Billie Eilish,Album,Live,NA,NA,NA
1178e9ff-f939-40fc-b37b-1d79177892e3,Unreleased,2021-05-14,NA,NA,NA,NA,NA,NA,NA,Olivia Rodrigo,Album,Compilation,NA,NA,NA
2ae2e504-7116-4b4f-b632-9748bb18ccd2,SOUR,2021-05-21,olivia_rodrigo_sour.jpg,data/covers/olivia_rodrigo_sour.jpg,12600000000,2800000000,good 4 u,drivers license,deja vu,Olivia Rodrigo,Album,NA,NA,NA,NA
3e9ade90-a6cb-4bba-a110-e2e641f79691,FUME,2025-03-08,NA,NA,NA,NA,NA,NA,NA,Olivia Rodrigo,Album,Compilation,NA,NA,NA
4c4eee61-da1e-4115-8eb9-07e5b671fefe,you seem pretty sad for a girl so in love,2026-06-12,olivia_rodrigo_you_seem_pretty_sad_for_a_girl_so_in_love.jpg,data/covers/olivia_rodrigo_you_seem_pretty_sad_for_a_girl_so_in_love.jpg,NA,NA,NA,NA,NA,Olivia Rodrigo,Album,NA,NA,NA,NA
772ac00b-0e62-4b4b-88e5-917347f0b08e,Best of High School Musical: The Musical: The Series,2021-07-18,olivia_rodrigo_best_of_high_school_musical_the_musical_the_series.jpg,data/covers/olivia_rodrigo_best_of_high_school_musical_the_musical_the_series.jpg,NA,NA,NA,NA,NA,Olivia Rodrigo,Album,Compilation/Soundtrack,NA,NA,NA
83920a38-e749-4bbf-a7f6-8aaf77cb9475,GUTS,2023-09-08,olivia_rodrigo_guts.jpg,data/covers/olivia_rodrigo_guts.jpg,4100000000,850000000,vampire,bad idea right?,get him back!,Olivia Rodrigo,Album,NA,NA,NA,NA
90f3b78a-dff9-4edb-b976-2b46522370d2,live from Glastonbury (a BBC recording),2025-12-05,olivia_rodrigo_live_from_glastonbury_a_bbc_recording.jpg,data/covers/olivia_rodrigo_live_from_glastonbury_a_bbc_recording.jpg,NA,NA,NA,NA,NA,Olivia Rodrigo,Album,Live,NA,NA,NA
922f1833-d921-42af-accd-9ecf96606cde,Olivia Rodrigo: driving home 2 u,2022-04-07,olivia_rodrigo_olivia_rodrigo_driving_home_2_u.jpg,data/covers/olivia_rodrigo_olivia_rodrigo_driving_home_2_u.jpg,NA,NA,NA,NA,NA,Olivia Rodrigo,Album,Live,NA,NA,NA
b0a0e0c8-da1f-4987-8251-18bf59991e63,GUTS WORLD TOUR (spilled in Buenos Aires),2025-03-23,olivia_rodrigo_guts_world_tour_spilled_in_buenos_aires.jpg,data/covers/olivia_rodrigo_guts_world_tour_spilled_in_buenos_aires.jpg,NA,NA,NA,NA,NA,Olivia Rodrigo,Album,Live,NA,NA,NA
b4380a28-f628-4418-81e4-1a15744f05c1,"2025-06-29: BBC In Concert, Glastonbury Festival, Worthy Farm, Pilton, Britain",2025-08-21,NA,NA,NA,NA,NA,NA,NA,Olivia Rodrigo,Album,Live,NA,NA,NA
15e8b397-03f3-4e96-858d-d38b1db98ec0,Live from the Royal Albert Hall,2024-12-06,dua_lipa_live_from_the_royal_albert_hall.jpg,data/covers/dua_lipa_live_from_the_royal_albert_hall.jpg,NA,NA,NA,NA,NA,Dua Lipa,Album,Live,NA,NA,NA
3352ecf5-34e8-42b3-bc87-e310dfe10e8f,Club Future Nostalgia,2020-08-28,dua_lipa_club_future_nostalgia.jpg,data/covers/dua_lipa_club_future_nostalgia.jpg,NA,NA,NA,NA,NA,Dua Lipa,Album,DJ-mix,NA,NA,NA
4804b18b-f40d-47b1-933d-6b3f7651c964,Dua Lipa [Unreleased],2017-06-02,dua_lipa_dua_lipa_unreleased.jpg,data/covers/dua_lipa_dua_lipa_unreleased.jpg,NA,NA,NA,NA,NA,Dua Lipa,Album,NA,NA,NA,NA
5c678d03-9aef-46db-9ecf-831efbd6d040,Dua Lipa Radical Optimism Tour,2024-10-22,dua_lipa_dua_lipa_radical_optimism_tour.jpg,data/covers/dua_lipa_dua_lipa_radical_optimism_tour.jpg,NA,NA,NA,NA,NA,Dua Lipa,Album,Compilation,NA,NA,NA
821973d7-d774-4cc5-b2e5-660ab3d8b2b9,Live from Mexico,2026-05-22,dua_lipa_live_from_mexico.jpg,data/covers/dua_lipa_live_from_mexico.jpg,NA,NA,NA,NA,NA,Dua Lipa,Album,Live,NA,NA,NA
93747376-b698-4610-a023-d256de075460,Dua Lipa,2017-06-02,dua_lipa_dua_lipa.jpg,data/covers/dua_lipa_dua_lipa.jpg,11400000000,4200000000,New Rules,IDGAF,One Kiss,Dua Lipa,Album,NA,NA,NA,NA
aa366795-92d7-4d67-91fa-6741f82a4858,Future Nostalgia,2020-03-21,dua_lipa_future_nostalgia.jpg,data/covers/dua_lipa_future_nostalgia.jpg,12800000000,3100000000,Levitating,Don't Start Now,Break My Heart,Dua Lipa,Album,NA,NA,NA,NA
c358634d-b58d-4635-aca3-246cee2577f0,Radical Optimism,2024-05-03,dua_lipa_radical_optimism.jpg,data/covers/dua_lipa_radical_optimism.jpg,1800000000,450000000,Houdini,Training Season,Illusion,Dua Lipa,Album,NA,NA,NA,NA
ee56a3c4-7bf1-4a4e-b293-ff7b244d363a,Studio 2054,2020-11-27,dua_lipa_studio_2054.jpg,data/covers/dua_lipa_studio_2054.jpg,NA,NA,NA,NA,NA,Dua Lipa,Album,Live,NA,NA,NA
1591a80c-7aae-426e-8ec7-164f24ac3e1f,LAS QUE NO IBAN A SALIR,2020-05-10,bad_bunny_las_que_no_iban_a_salir.jpg,data/covers/bad_bunny_las_que_no_iban_a_salir.jpg,NA,NA,NA,NA,NA,Bad Bunny,Album,NA,NA,NA,NA
2528ede6-ad44-4d1b-9e9f-030d29e4a3be,El conejo malo,2017-03-28,bad_bunny_el_conejo_malo.jpg,data/covers/bad_bunny_el_conejo_malo.jpg,NA,NA,NA,NA,NA,Bad Bunny,Album,Mixtape/Street,NA,NA,NA
3c1e782f-1fb1-49d4-8090-c12ab79ba927,Up Next (Live From Apple Piazza Liberty),2019-08-30,NA,NA,NA,NA,NA,NA,NA,Bad Bunny,Album,Live,NA,NA,NA
4b550700-6912-4f3b-a804-bac8da786629,EL ÚLTIMO TOUR DEL MUNDO,2020-11-27,bad_bunny_el_ltimo_tour_del_mundo.jpg,data/covers/bad_bunny_el_ltimo_tour_del_mundo.jpg,5400000000,1800000000,DÁKITI,LA NOCHE DE ANOCHE,BOOKER T,Bad Bunny,Album,NA,NA,NA,NA
4bf41242-0a5f-46a4-b676-93b081c88f71,nadie sabe lo que va a pasar mañana,2023-10-13,bad_bunny_nadie_sabe_lo_que_va_a_pasar_ma_ana.jpg,data/covers/bad_bunny_nadie_sabe_lo_que_va_a_pasar_ma_ana.jpg,3600000000,850000000,MONACO,PERRO NEGRO,HIBIKI,Bad Bunny,Album,NA,NA,NA,NA
54976c04-e3f9-4eac-a8b2-b88d87d7f0e6,OASIS,2019-06-28,bad_bunny_oasis.jpg,data/covers/bad_bunny_oasis.jpg,3200000000,1400000000,LA CANCIÓN,QUE PRETENDES,CUIDAO POR AHÍ,Bad Bunny,Album,NA,NA,NA,NA
68f8c63d-3e54-4f26-8ce3-41a7bc1ca7fd,X 100PRE,2018-12-24,bad_bunny_x_100pre.jpg,data/covers/bad_bunny_x_100pre.jpg,4900000000,2100000000,MIA,Callaíta,Ni Bien Ni Mal,Bad Bunny,Album,NA,NA,NA,NA
79e53ab8-a60b-4861-92d5-a690a422669a,Bad Bunny: Tiny Desk Concert,2025-04-07,NA,NA,NA,NA,NA,NA,NA,Bad Bunny,Album,Live,NA,NA,NA
b3073a10-2d7c-484c-b387-e49ae629da3d,DeBÍ TiRAR MáS FOToS,2025-01-05,bad_bunny_deb_tirar_m_s_fotos.jpg,data/covers/bad_bunny_deb_tirar_m_s_fotos.jpg,NA,NA,NA,NA,NA,Bad Bunny,Album,NA,NA,NA,NA
e20e0bc0-4660-461b-8ac7-14ad2459cda6,YHLQMDLG,2020-02-29,bad_bunny_yhlqmdlg.jpg,data/covers/bad_bunny_yhlqmdlg.jpg,10400000000,3200000000,Safaera,Yo Perreo Sola,La Difícil,Bad Bunny,Album,NA,NA,NA,NA
e992b449-141b-4aea-b07b-9b2a478a8570,Un verano sin ti,2022-05-06,bad_bunny_un_verano_sin_ti.jpg,data/covers/bad_bunny_un_verano_sin_ti.jpg,17500000000,4800000000,Me Porto Bonito,Tití Me Preguntó,Ojitos Lindos,Bad Bunny,Album,NA,NA,NA,NA
0734e110-d412-4b0e-825a-7ddc45e017cf,F-1 Trillion,2024-08-16,post_malone_f_1_trillion.jpg,data/covers/post_malone_f_1_trillion.jpg,1800000000,400000000,I Had Some Help,Pour Me a Drink,Guy For That,Post Malone,Album,NA,NA,NA,NA
3843ba6a-0b1e-48c0-bc86-2f64e6d9525c,Stoney,2016-12-09,post_malone_stoney.jpg,data/covers/post_malone_stoney.jpg,9800000000,2800000000,Congratulations,White Iverson,I Fall Apart,Post Malone,Album,NA,NA,NA,NA
5fb7ffc9-0f66-47bc-8aa0-192405bc8f3a,The Diamond Collection,2023-04-21,post_malone_the_diamond_collection.jpg,data/covers/post_malone_the_diamond_collection.jpg,NA,NA,NA,NA,NA,Post Malone,Album,Compilation,NA,NA,NA
82076d12-719b-46a6-b89d-10e6b4bdee25,August 26th,2016-05-13,post_malone_august_26th.jpg,data/covers/post_malone_august_26th.jpg,NA,NA,NA,NA,NA,Post Malone,Album,Mixtape/Street,NA,NA,NA
8c9e2ca7-fad0-427c-a963-6bd535992a38,Hollywood’s Bleeding,2019-09-06,post_malone_hollywood_s_bleeding.jpg,data/covers/post_malone_hollywood_s_bleeding.jpg,12100000000,3500000000,Sunflower,Circles,Goodbyes,Post Malone,Album,NA,NA,NA,NA
97c41239-ac29-41e5-aac3-3d599bf41902,Circles (SILO x Martin Wave Sollos Sleep mix),2019-08-30,post_malone_circles_silo_x_martin_wave_sollos_sleep_mix.jpg,data/covers/post_malone_circles_silo_x_martin_wave_sollos_sleep_mix.jpg,NA,NA,NA,NA,NA,Post Malone,Album,Remix,NA,NA,NA
9ffc74fb-e58a-41bb-8efa-b13d251630e7,Tribute to Nirvana,2025-04-12,post_malone_tribute_to_nirvana.jpg,data/covers/post_malone_tribute_to_nirvana.jpg,NA,NA,NA,NA,NA,Post Malone,Album,Live,NA,NA,NA
a6045fe5-c283-4778-995c-04d953fe73e1,beerbongs & bentleys,2018-04-27,post_malone_beerbongs_bentleys.jpg,data/covers/post_malone_beerbongs_bentleys.jpg,11200000000,3200000000,rockstar,Psycho,Better Now,Post Malone,Album,NA,NA,NA,NA
da1ba8df-a869-4270-8af0-b1c7ffd8d44a,Twelve Carat Toothache,2022-06-03,post_malone_twelve_carat_toothache.jpg,data/covers/post_malone_twelve_carat_toothache.jpg,3400000000,700000000,I Like You (A Happier Song),One Right Now,Cooped Up,Post Malone,Album,NA,NA,NA,NA
eb6f29e8-e0fa-4ba5-9ad8-6bffdf2e25e1,AUSTIN,2023-07-28,post_malone_austin.jpg,data/covers/post_malone_austin.jpg,1400000000,300000000,Chemical,Mourning,Overdrive,Post Malone,Album,NA,NA,NA,NA
1646286a-d0ad-4288-bfab-34b0fb7b22c1,SOS,2022-12-09,sza_sos.jpg,data/covers/sza_sos.jpg,10400000000,1900000000,Kill Bill,Snooze,Nobody Gets Me,SZA,Album,NA,NA,NA,NA
20539270-070a-42e0-808e-31abbf8bd3dc,SZA,2016-03-04,sza_sza.jpg,data/covers/sza_sza.jpg,NA,NA,NA,NA,NA,SZA,Album,Compilation,NA,NA,NA
350aab3b-6601-4ae0-b458-c72e58e82dfb,sos [nightcore],2022-12-09,NA,NA,NA,NA,NA,NA,NA,SZA,Album,Remix,NA,NA,NA
7e282a65-aa53-48d4-b0a7-d322dcbf51b4,Apple Music Live: SZA,2024-01-31,sza_apple_music_live_sza.jpg,data/covers/sza_apple_music_live_sza.jpg,NA,NA,NA,NA,NA,SZA,Album,Live,NA,NA,NA
8f892c1b-0709-4cf4-9711-493892a9eb9b,Ctrl,2017-06-09,sza_ctrl.jpg,data/covers/sza_ctrl.jpg,5600000000,1200000000,The Weekend,Love Galore,Broken Clocks,SZA,Album,NA,NA,NA,NA
083bebaa-fcc1-43cb-8b93-463aac070cbe,The Weeknd in Japan,2018-11-14,the_weeknd_the_weeknd_in_japan.jpg,data/covers/the_weeknd_the_weeknd_in_japan.jpg,NA,NA,NA,NA,NA,The Weeknd,Album,Compilation,NA,NA,NA
14f83b04-2b9e-4974-9169-476f26475be3,Hurry Up Tomorrow,2025-01-31,the_weeknd_hurry_up_tomorrow.jpg,data/covers/the_weeknd_hurry_up_tomorrow.jpg,1200000000,350000000,Dancing in the Flames,Timeless,São Paulo,The Weeknd,Album,NA,NA,NA,NA
1b0a1d5d-8d87-4627-8e01-1e1f0dcf0b5a,The Dawn FM Experience,2022-01-07,the_weeknd_the_dawn_fm_experience.jpg,data/covers/the_weeknd_the_dawn_fm_experience.jpg,NA,NA,NA,NA,NA,The Weeknd,Album,Live,NA,NA,NA
201c58f1-b903-4187-8942-1d4db41d2282,Hurry Up Tomorrow (Original Motion Picture Score),2025-07-11,the_weeknd_hurry_up_tomorrow_original_motion_picture_score.jpg,data/covers/the_weeknd_hurry_up_tomorrow_original_motion_picture_score.jpg,NA,NA,NA,NA,NA,The Weeknd,Album,Soundtrack,NA,NA,NA
3344452a-3da9-4b4f-8954-ae23a86c2ecf,Dawn FM,2022-01-07,the_weeknd_dawn_fm.jpg,data/covers/the_weeknd_dawn_fm.jpg,3700000000,800000000,Sacrifice,Take My Breath,Out of Time,The Weeknd,Album,NA,NA,NA,NA
394ebf8a-22e8-48a1-a9d4-ff311784e813,Dawn FM (Chopped Not Slopped By DJ Candlestick),2022,the_weeknd_dawn_fm_chopped_not_slopped_by_dj_candlestick.jpg,data/covers/the_weeknd_dawn_fm_chopped_not_slopped_by_dj_candlestick.jpg,NA,NA,NA,NA,NA,The Weeknd,Album,Remix,NA,NA,NA
78570bea-2a26-467c-a3db-c52723ceb394,After Hours,2020-02-19,the_weeknd_after_hours.jpg,data/covers/the_weeknd_after_hours.jpg,12900000000,3800000000,Blinding Lights,Save Your Tears,In Your Eyes,The Weeknd,Album,NA,NA,NA,NA
7d12a3c0-2980-40d6-826a-d27c20c49edd,Kiss Land (The Sevenights Version),2024-05-11,the_weeknd_kiss_land_the_sevenights_version.jpg,data/covers/the_weeknd_kiss_land_the_sevenights_version.jpg,NA,NA,NA,NA,NA,The Weeknd,Album,Remix,NA,NA,NA
936b6c65-5766-44c9-9d1e-4b12f799de05,And Time Stood Still,2015,the_weeknd_and_time_stood_still.jpg,data/covers/the_weeknd_and_time_stood_still.jpg,NA,NA,NA,NA,NA,The Weeknd,Album,Mixtape/Street,NA,NA,NA
a0888d31-5309-4b99-82d5-42a1a871604e,Popular (The Remixes),2024,NA,NA,NA,NA,NA,NA,NA,The Weeknd,Album,NA,NA,NA,NA
a85b8aff-fcbc-4431-95ba-d8c20bbfb77e,Beauty Behind the Madness,2015-08-28,the_weeknd_beauty_behind_the_madness.jpg,data/covers/the_weeknd_beauty_behind_the_madness.jpg,8900000000,3200000000,The Hills,Can't Feel My Face,Earned It,The Weeknd,Album,NA,NA,NA,NA
b4f0a78c-ca71-4aaa-9d14-d29281a456d3,Live at SoFi Stadium,2023-03-03,the_weeknd_live_at_sofi_stadium.jpg,data/covers/the_weeknd_live_at_sofi_stadium.jpg,NA,NA,NA,NA,NA,The Weeknd,Album,Live,NA,NA,NA
ceaa5c39-91c7-4c8a-886c-85b11fa8a1f6,Starboy,2016-11-24,the_weeknd_starboy.jpg,data/covers/the_weeknd_starboy.jpg,12500000000,4100000000,Starboy,I Feel It Coming,Die for You,The Weeknd,Album,NA,NA,NA,NA
d1bfc4d5-f48c-427c-985c-7705e93ac62d,After Hours 'til Dawn,2022,the_weeknd_after_hours_til_dawn.jpg,data/covers/the_weeknd_after_hours_til_dawn.jpg,NA,NA,NA,NA,NA,The Weeknd,Album,Live,NA,NA,NA
e7181854-f74a-4bb3-9802-8b355a4dce7c,Welcome to the Weeknd,2015,the_weeknd_welcome_to_the_weeknd.jpg,data/covers/the_weeknd_welcome_to_the_weeknd.jpg,NA,NA,NA,NA,NA,The Weeknd,Album,Mixtape/Street,NA,NA,NA
f11622a3-3d5c-4581-b969-073f80b471d8,Beauty Behind The Chops (Chopped Not Slopped by DJ Candlestick),2015,the_weeknd_beauty_behind_the_chops_chopped_not_slopped_by_dj_candlestick.jpg,data/covers/the_weeknd_beauty_behind_the_chops_chopped_not_slopped_by_dj_candlestick.jpg,NA,NA,NA,NA,NA,The Weeknd,Album,Remix,NA,NA,NA
f5234757-d54b-4000-ae6f-db1151c9ce32,Apple Music Festival: London 2015,2015-10-15,the_weeknd_apple_music_festival_london_2015.jpg,data/covers/the_weeknd_apple_music_festival_london_2015.jpg,NA,NA,NA,NA,NA,The Weeknd,Album,Live,NA,NA,NA
f60c961a-b4c8-4e01-831c-51a0dfa55188,The Highlights,2021-02-05,the_weeknd_the_highlights.jpg,data/covers/the_weeknd_the_highlights.jpg,14100000000,4500000000,Blinding Lights,Save Your Tears,Starboy,The Weeknd,Album,Compilation,NA,NA,NA
fc5ecd80-3961-4036-ae95-1e629428562f,Greatest Hits,2026-01-31,NA,NA,NA,NA,NA,NA,NA,The Weeknd,Album,NA,NA,NA,NA
05aed423-c4af-49a5-b1ea-335ab1148e00,The Kendrick Archives,2026-08-10,kendrick_lamar_the_kendrick_archives.jpg,data/covers/kendrick_lamar_the_kendrick_archives.jpg,NA,NA,NA,NA,NA,Kendrick Lamar,Album,Compilation,NA,NA,NA
117ddedc-41fd-4d75-8af7-f069744b3cb3,Revolution Music,2017,NA,NA,NA,NA,NA,NA,NA,Kendrick Lamar,Album,Compilation,NA,NA,NA
1f300dfd-fc5a-469e-b39c-76a9bf27805c,Riding for compton,2018-11-29,kendrick_lamar_riding_for_compton.jpg,data/covers/kendrick_lamar_riding_for_compton.jpg,NA,NA,NA,NA,NA,Kendrick Lamar,Album,Compilation,NA,NA,NA
32cb822c-a14e-49ce-a169-f209c5f31e0f,GNX,2024-11-22,kendrick_lamar_gnx.jpg,data/covers/kendrick_lamar_gnx.jpg,1800000000,450000000,tv off,luther,squabble up,Kendrick Lamar,Album,NA,NA,NA,NA
4e317e28-e6b2-46d7-81f7-306e349b3dd4,Black Panther: The Album (Music From and Inspired By),2018-02-09,kendrick_lamar_black_panther_the_album_music_from_and_inspired_by.jpg,data/covers/kendrick_lamar_black_panther_the_album_music_from_and_inspired_by.jpg,4100000000,1400000000,All the Stars,King's Dead,Pray for Me,Kendrick Lamar,Album,Soundtrack,NA,NA,NA
4e44335c-3f2b-4874-a6c3-71b5e65f75d5,untitled unmastered.,2016-03-04,kendrick_lamar_untitled_unmastered.jpg,data/covers/kendrick_lamar_untitled_unmastered.jpg,650000000,120000000,untitled 02,untitled 07,untitled 08,Kendrick Lamar,Album,Compilation,NA,NA,NA
5ba985c9-263b-4aa6-9242-9d4678bc0ee3,DAMNATION.,2023,NA,NA,NA,NA,NA,NA,NA,Kendrick Lamar,Album,Remix,NA,NA,NA
6bd70eee-bd46-4738-851a-f50c19d8d6db,Mr. Morale & the Big Steppers,2022-05-13,kendrick_lamar_mr_morale_the_big_steppers.jpg,data/covers/kendrick_lamar_mr_morale_the_big_steppers.jpg,2400000000,600000000,N95,Die Hard,Silent Hill,Kendrick Lamar,Album,NA,NA,NA,NA
7900df56-fa11-4888-a1f1-e9488b5840d5,The Takeover,2017-05-24,NA,NA,NA,NA,NA,NA,NA,Kendrick Lamar,Album,Mixtape/Street,NA,NA,NA
8678803b-0f4e-4f39-a900-d88746596fc7,Straight Outta Compton,2015-08-14,kendrick_lamar_straight_outta_compton.jpg,data/covers/kendrick_lamar_straight_outta_compton.jpg,NA,NA,NA,NA,NA,Kendrick Lamar,Album,Mixtape/Street,NA,NA,NA
8cd886df-f1bd-47ae-8305-2256a1fad113,The DAMN Chronic,2018-04-03,kendrick_lamar_the_damn_chronic.jpg,data/covers/kendrick_lamar_the_damn_chronic.jpg,NA,NA,NA,NA,NA,Kendrick Lamar,Album,Mixtape/Street,NA,NA,NA
ae919489-dc7f-46f7-a520-279357230b09,The Pop Out: Ken & Friends,2024-06-19,kendrick_lamar_the_pop_out_ken_friends.jpg,data/covers/kendrick_lamar_the_pop_out_ken_friends.jpg,NA,NA,NA,NA,NA,Kendrick Lamar,Album,Live,NA,NA,NA
b8218587-b7eb-4514-84f2-e48ce710a0f3,unfinished unreleased.,2024,kendrick_lamar_unfinished_unreleased.jpg,data/covers/kendrick_lamar_unfinished_unreleased.jpg,NA,NA,NA,NA,NA,Kendrick Lamar,Album,Compilation,NA,NA,NA
b88655ba-7469-48b8-a296-b9011ab73ef3,DAMN.,2017-04-14,kendrick_lamar_damn.jpg,data/covers/kendrick_lamar_damn.jpg,7200000000,2100000000,HUMBLE.,DNA.,LOVE.,Kendrick Lamar,Album,NA,NA,NA,NA
c08b45f4-2f10-435c-92fc-2af71b3837be,Compton Cowboys,2023,kendrick_lamar_compton_cowboys.jpg,data/covers/kendrick_lamar_compton_cowboys.jpg,NA,NA,NA,NA,NA,Kendrick Lamar,Album,NA,NA,NA,NA
c5941657-7767-423f-98b3-483ec16f0667,THE OVERGROUND HELL ROAD,2016-03-16,kendrick_lamar_the_overground_hell_road.jpg,data/covers/kendrick_lamar_the_overground_hell_road.jpg,NA,NA,NA,NA,NA,Kendrick Lamar,Album,NA,NA,NA,NA
c5a70e32-1161-4473-9094-238397f5b0c3,everybody sensitive,2026-05-03,NA,NA,NA,NA,NA,NA,NA,Kendrick Lamar,Album,Compilation,NA,NA,NA
c64f0342-f5f4-43d1-90ac-ce226fba4230,The Big Steppers Tour: Live From Paris,2022-10-22,NA,NA,NA,NA,NA,NA,NA,Kendrick Lamar,Album,Live,NA,NA,NA
cf351529-806a-4a43-9273-2d5aeb61f9e8,Tu Pimp a Caterpillar (Tu‐P‐A‐C),2020-05-22,kendrick_lamar_tu_pimp_a_caterpillar_tu_p_a_c.jpg,data/covers/kendrick_lamar_tu_pimp_a_caterpillar_tu_p_a_c.jpg,NA,NA,NA,NA,NA,Kendrick Lamar,Album,Mixtape/Street,NA,NA,NA
d9103c72-3807-4378-9ce7-b6f3e8fdd547,To Pimp a Butterfly,2015-03-15,kendrick_lamar_to_pimp_a_butterfly.jpg,data/covers/kendrick_lamar_to_pimp_a_butterfly.jpg,3200000000,900000000,Alright,King Kunta,These Walls,Kendrick Lamar,Album,NA,NA,NA,NA
e16258df-bbd5-4d82-a68b-87983ba3dd93,"Grand National Tour: Live from Inglewood, California",2025-02-10,NA,NA,NA,NA,NA,NA,NA,Kendrick Lamar,Album,Live,NA,NA,NA
05e6b686-b590-472a-9924-e623b223cb6d,Harry Styles,2017-05-12,harry_styles_harry_styles.jpg,data/covers/harry_styles_harry_styles.jpg,4200000000,1500000000,Sign of the Times,Sweet Creature,Kiwi,Harry Styles,Album,NA,NA,NA,NA
8676b232-108c-4229-be09-f1b09b0ec5f6,"Kiss All the Time. Disco, Occasionally.",2026-03-06,harry_styles_kiss_all_the_time_disco_occasionally.jpg,data/covers/harry_styles_kiss_all_the_time_disco_occasionally.jpg,NA,NA,NA,NA,NA,Harry Styles,Album,NA,NA,NA,NA
b9990da8-7953-4e64-aea5-065ca9cd3cb7,Fine Line,2019-12-13,harry_styles_fine_line.jpg,data/covers/harry_styles_fine_line.jpg,8700000000,2200000000,Watermelon Sugar,Adore You,Falling,Harry Styles,Album,NA,NA,NA,NA
d712ba0e-25fa-4c03-aecd-ec0c100deba5,Harry’s House,2022-04-20,harry_styles_harry_s_house.jpg,data/covers/harry_styles_harry_s_house.jpg,7300000000,1600000000,As It Was,Late Night Talking,Music for a Sushi Restaurant,Harry Styles,Album,NA,NA,NA,NA
0e2672a1-b6f6-4fa9-beed-74c6270194f6,eternal sunshine deluxe: brighter days ahead,2025-03-28,ariana_grande_eternal_sunshine_deluxe_brighter_days_ahead.jpg,data/covers/ariana_grande_eternal_sunshine_deluxe_brighter_days_ahead.jpg,NA,NA,NA,NA,NA,Ariana Grande,Album,NA,NA,NA,NA
1c3fbe7a-08ae-4b22-9812-4e2ea8237986,the unreleased collection vol.01,2026-09-11,ariana_grande_the_unreleased_collection_vol_01.jpg,data/covers/ariana_grande_the_unreleased_collection_vol_01.jpg,NA,NA,NA,NA,NA,Ariana Grande,Album,Compilation,NA,NA,NA
2b8f453f-ffd6-4860-8742-7cff1c2feae3,petal,2026-07-31,ariana_grande_petal.jpg,data/covers/ariana_grande_petal.jpg,NA,NA,NA,NA,NA,Ariana Grande,Album,NA,NA,NA,NA
2efc277f-8002-4f44-af6b-79a851d26cae,The Remix,2015-05-25,ariana_grande_the_remix.jpg,data/covers/ariana_grande_the_remix.jpg,NA,NA,NA,NA,NA,Ariana Grande,Album,Remix,NA,NA,NA
485d3241-ef02-49a4-88df-a03eaa86d9cd,"thank u, next",2019-02-07,ariana_grande_thank_u_next.jpg,data/covers/ariana_grande_thank_u_next.jpg,9100000000,3600000000,7 rings,"thank u, next","break up with your girlfriend, i'm bored",Ariana Grande,Album,NA,NA,NA,NA
4c22d1a2-740b-4482-aebd-28974b985edc,"sweetener / thank u, next tour - live at Coachella 2019",2019-04-19,NA,NA,NA,NA,NA,NA,NA,Ariana Grande,Album,Live,NA,NA,NA
58afd5f5-a3cb-43c4-a0dc-fd15fbfe33bf,Sweetener,2018-08-17,ariana_grande_sweetener.jpg,data/covers/ariana_grande_sweetener.jpg,4800000000,2400000000,no tears left to cry,God is a woman,breathin,Ariana Grande,Album,NA,NA,NA,NA
5c320e34-a619-463b-9f10-66acc2b28fff,The Best,2017-09-27,ariana_grande_the_best.jpg,data/covers/ariana_grande_the_best.jpg,NA,NA,NA,NA,NA,Ariana Grande,Album,Compilation,NA,NA,NA
6b9cbd17-feac-480f-8576-08adba576799,Track by Track Commentary,2024-03-08,ariana_grande_track_by_track_commentary.jpg,data/covers/ariana_grande_track_by_track_commentary.jpg,NA,NA,NA,NA,NA,Ariana Grande,Album,Interview,NA,NA,NA
7db1808d-53bc-4bde-9ee2-5dfc96cfeb45,Positions,2020-10-30,ariana_grande_positions.jpg,data/covers/ariana_grande_positions.jpg,5300000000,1200000000,positions,34+35,pov,Ariana Grande,Album,NA,NA,NA,NA
97158862-5832-4bf6-ad5b-df2dead07566,sweet dreams,2024-09-06,ariana_grande_sweet_dreams.jpg,data/covers/ariana_grande_sweet_dreams.jpg,NA,NA,NA,NA,NA,Ariana Grande,Album,NA,NA,NA,NA
98b5659a-5928-4bc8-a648-dd48ccf956d5,Greatest Hits,2019-06,ariana_grande_greatest_hits.jpg,data/covers/ariana_grande_greatest_hits.jpg,NA,NA,NA,NA,NA,Ariana Grande,Album,Compilation,NA,NA,NA
afe08b23-8ca2-43f3-998b-9d826ff7aa09,You,2022-02-26,ariana_grande_you.jpg,data/covers/ariana_grande_you.jpg,NA,NA,NA,NA,NA,Ariana Grande,Album,NA,NA,NA,NA
dfd582da-ab2e-4009-9365-405bf1ad2c49,Dangerous Woman,2016-05-20,ariana_grande_dangerous_woman.jpg,data/covers/ariana_grande_dangerous_woman.jpg,6700000000,3100000000,Side to Side,Into You,Dangerous Woman,Ariana Grande,Album,NA,NA,NA,NA
e73b046d-cd1c-4ea8-94de-fd9e298f9219,k bye for now (swt live),2019-12-23,ariana_grande_k_bye_for_now_swt_live.jpg,data/covers/ariana_grande_k_bye_for_now_swt_live.jpg,NA,NA,NA,NA,NA,Ariana Grande,Album,Live,NA,NA,NA
f375cf43-9095-4553-83b5-b8d2499e5668,Rush,2024-07-05,ariana_grande_rush.jpg,data/covers/ariana_grande_rush.jpg,NA,NA,NA,NA,NA,Ariana Grande,Album,Compilation/Demo,NA,NA,NA
fb992c06-9807-4ffd-90d8-115db5d513f6,eternal sunshine,2024-03-08,ariana_grande_eternal_sunshine.jpg,data/covers/ariana_grande_eternal_sunshine.jpg,3200000000,750000000,we can't be friends (wait for your love),"yes, and?",the boy is mine,Ariana Grande,Album,NA,NA,NA,NA
ff3f4b2b-a6cb-4a03-8e45-d0d8c878d373,Dangerous Woman Tour: Studio Experience,2020-04-19,NA,NA,NA,NA,NA,NA,NA,Ariana Grande,Album,Compilation/Live,NA,NA,NA
098b431c-7e67-42ff-841a-ca79cac99a09,Eyes Wide Open,2015-04-14,NA,NA,NA,NA,NA,NA,NA,Sabrina Carpenter,Album,NA,NA,NA,NA
192a95dc-d993-4768-9f77-4496b6460400,Man’s Best Friend,2025-08-29,sabrina_carpenter_man_s_best_friend.jpg,data/covers/sabrina_carpenter_man_s_best_friend.jpg,NA,NA,NA,NA,NA,Sabrina Carpenter,Album,NA,NA,NA,NA
45b8d81f-9859-483a-989d-4b1309effedb,emails i can't send (demos),2024,NA,NA,NA,NA,NA,NA,NA,Sabrina Carpenter,Album,Demo,NA,NA,NA
55afef2e-649a-45c7-9142-5803e006f1e2,emails i can't send (outtakes),2022-07-15,NA,NA,NA,NA,NA,NA,NA,Sabrina Carpenter,Album,Demo,NA,NA,NA
5fbab65e-737a-4883-8162-850eae076393,Singular: Act II,2019-07-19,sabrina_carpenter_singular_act_ii.jpg,data/covers/sabrina_carpenter_singular_act_ii.jpg,380000000,95000000,In My Bed,I'm Fakin,Exhale,Sabrina Carpenter,Album,NA,NA,NA,NA
6bbcb652-6188-4a5c-9125-b745d16e1f27,emails i can’t send,2022-07-15,sabrina_carpenter_emails_i_can_t_send.jpg,data/covers/sabrina_carpenter_emails_i_can_t_send.jpg,2100000000,420000000,Feather,Nonsense,because i liked a boy,Sabrina Carpenter,Album,NA,NA,NA,NA
bab3af63-bd04-4295-8ab7-0eecfc1c81a2,dream girl,2024-05-10,sabrina_carpenter_dream_girl.jpg,data/covers/sabrina_carpenter_dream_girl.jpg,NA,NA,NA,NA,NA,Sabrina Carpenter,Album,Compilation,NA,NA,NA
c8bea388-c195-4177-bf9b-7469f6e695a1,Short n’ Sweet,2024-08-23,sabrina_carpenter_short_n_sweet.jpg,data/covers/sabrina_carpenter_short_n_sweet.jpg,4300000000,950000000,Espresso,Please Please Please,Taste,Sabrina Carpenter,Album,NA,NA,NA,NA
d3b429d5-e066-4e4a-8729-49c60a041425,EVOLution,2016-10-14,sabrina_carpenter_evolution.jpg,data/covers/sabrina_carpenter_evolution.jpg,550000000,210000000,On Purpose,Thumbs,Feels Like Loneliness,Sabrina Carpenter,Album,NA,NA,NA,NA
d9482a4e-d157-47d3-a38c-ed3178223dfd,Singular: Act III - The Sessions,2024,NA,NA,NA,NA,NA,NA,NA,Sabrina Carpenter,Album,Demo,NA,NA,NA
f2f2f9fe-f3ee-479b-99c3-f63f3b8230d2,Singular: Act I,2018-11-09,sabrina_carpenter_singular_act_i.jpg,data/covers/sabrina_carpenter_singular_act_i.jpg,450000000,140000000,Almost Love,Sue Me,Paris,Sabrina Carpenter,Album,NA,NA,NA,NA
f4a40bdc-45ed-4728-846f-062a157bd110,CLOUDS: Music from the Disney+ Original Movie,2020-10-16,sabrina_carpenter_clouds_music_from_the_disney_original_movie.jpg,data/covers/sabrina_carpenter_clouds_music_from_the_disney_original_movie.jpg,NA,NA,NA,NA,NA,Sabrina Carpenter,Album,Soundtrack,NA,NA,NA
827072591,Vie,2025-09-26,doja_cat_vie.jpg,data/covers/doja_cat_vie.jpg,NA,NA,NA,NA,NA,Doja Cat,Album,NA,NA,NA,NA
568392271,Scarlet 2 CLAUDE,2024-04-05,doja_cat_scarlet_2_claude.jpg,data/covers/doja_cat_scarlet_2_claude.jpg,NA,NA,NA,NA,NA,Doja Cat,Album,NA,NA,NA,NA
489358925,Scarlet,2023-09-21,doja_cat_scarlet.jpg,data/covers/doja_cat_scarlet.jpg,2900000000,650000000,Paint the Town Red,Agora Hills,Demons,Doja Cat,Album,NA,NA,NA,NA
238876612,Planet Her,2021-06-25,doja_cat_planet_her.jpg,data/covers/doja_cat_planet_her.jpg,9400000000,2800000000,Kiss Me More,Woman,Need to Know,Doja Cat,Album,NA,NA,NA,NA
240155022,Planet Her (Deluxe),2021-06-27,doja_cat_planet_her_deluxe.jpg,data/covers/doja_cat_planet_her_deluxe.jpg,NA,NA,NA,NA,NA,Doja Cat,Album,NA,NA,NA,NA
117680872,Hot Pink,2019-11-07,doja_cat_hot_pink.jpg,data/covers/doja_cat_hot_pink.jpg,4700000000,1900000000,Say So,Streets,Like That,Doja Cat,Album,NA,NA,NA,NA
59854872,Amala,2018-03-30,doja_cat_amala.jpg,data/covers/doja_cat_amala.jpg,1400000000,450000000,Juicy,Tia Tamera,Candy,Doja Cat,Album,NA,NA,NA,NA
88172792,Amala (Deluxe Version),2019-03-01,doja_cat_amala_deluxe_version.jpg,data/covers/doja_cat_amala_deluxe_version.jpg,NA,NA,NA,NA,NA,Doja Cat,Album,NA,NA,NA,NA
215827472,Streets (Remixes),2021-03-19,doja_cat_streets_remixes.jpg,data/covers/doja_cat_streets_remixes.jpg,NA,NA,NA,NA,NA,Doja Cat,Album,EP,NA,NA,NA
7e9b11f2-4625-45e9-96b3-247e8982a270,JACKBOYS 2,2025-07-13,travis_scott_jackboys_2.jpg,data/covers/travis_scott_jackboys_2.jpg,NA,NA,NA,NA,NA,Travis Scott,Album,NA,NA,NA,NA
32c36e98-ec57-498c-b89f-21d05d071817,DAYS BEFORE RODEO,2024-08-23,travis_scott_days_before_rodeo.jpg,data/covers/travis_scott_days_before_rodeo.jpg,1200000000,350000000,Mamacita,Drugs You Should Try It,Don't Play,Travis Scott,Album,NA,NA,NA,NA
eac07d92-86b1-4fa7-906d-ec3177f8ebc2,UTOPIA,2023-07-28,travis_scott_utopia.jpg,data/covers/travis_scott_utopia.jpg,4900000000,950000000,FE!N,MY EYES,MELTDOWN,Travis Scott,Album,NA,NA,NA,NA
d073afee-169e-469f-9c0c-db856c61a160,durag activity,2021-04-30,travis_scott_durag_activity.jpg,data/covers/travis_scott_durag_activity.jpg,NA,NA,NA,NA,NA,Travis Scott,Album,NA,NA,NA,NA
124362732,JACKBOYS,2019-12-27,travis_scott_jackboys.jpg,data/covers/travis_scott_jackboys.jpg,2400000000,700000000,HIGHEST IN THE ROOM (Remix),GATTI,OUT WEST,Travis Scott,Album,NA,NA,NA,NA
c0704c7d-dc5b-43cd-b372-8056a3bf7bb2,ASTROWORLD,2018-08-03,travis_scott_astroworld.jpg,data/covers/travis_scott_astroworld.jpg,10800000000,3400000000,SICKO MODE,STARGAZING,BUTTERFLY EFFECT,Travis Scott,Album,NA,NA,NA,NA
53799832,"Huncho Jack, Jack Huncho",2017-12-21,travis_scott_huncho_jack_jack_huncho.jpg,data/covers/travis_scott_huncho_jack_jack_huncho.jpg,NA,NA,NA,NA,NA,Travis Scott,Album,NA,NA,NA,NA
2d87c53b-5e6b-40c6-9c37-d7fe7bec08bd,Birds In The Trap Sing McKnight,2016-09-09,travis_scott_birds_in_the_trap_sing_mcknight.jpg,data/covers/travis_scott_birds_in_the_trap_sing_mcknight.jpg,5200000000,1600000000,goosebumps,pick up the phone,through the late night,Travis Scott,Album,NA,NA,NA,NA
e6c9fd37-0211-48a2-8927-d7ef284218c4,Rodeo,2015-09-04,travis_scott_rodeo.jpg,data/covers/travis_scott_rodeo.jpg,3600000000,1100000000,Antidote,90210,3500,Travis Scott,Album,NA,NA,NA,NA
468219065,K-POP (Chopped & Screwed),2023-07-18,travis_scott_k_pop_chopped_screwed.jpg,data/covers/travis_scott_k_pop_chopped_screwed.jpg,NA,NA,NA,NA,NA,Travis Scott,Album,EP,NA,NA,NA
791483241,DON'T TAP THE GLASS,2025-07-21,tyler_the_creator_don_t_tap_the_glass.jpg,data/covers/tyler_the_creator_don_t_tap_the_glass.jpg,NA,NA,NA,NA,NA,"Tyler, The Creator",Album,NA,NA,NA,NA
845379622,CHROMAKOPIA +,2024-10-29,tyler_the_creator_chromakopia.jpg,data/covers/tyler_the_creator_chromakopia.jpg,NA,NA,NA,NA,NA,"Tyler, The Creator",Album,NA,NA,NA,NA
ae229bdd-2179-440c-bc78-acf0952914d4,CHROMAKOPIA,2024-10-28,tyler_the_creator_chromakopia.jpg,data/covers/tyler_the_creator_chromakopia.jpg,1500000000,320000000,Sticky,Noid,St. Chroma,"Tyler, The Creator",Album,NA,NA,NA,NA
423557247,CALL ME IF YOU GET LOST: The Estate Sale,2023-03-31,tyler_the_creator_call_me_if_you_get_lost_the_estate_sale.jpg,data/covers/tyler_the_creator_call_me_if_you_get_lost_the_estate_sale.jpg,NA,NA,NA,NA,NA,"Tyler, The Creator",Album,NA,NA,NA,NA
c65de046-7a48-4269-b4e5-4db0ed328f47,CALL ME IF YOU GET LOST,2021-06-25,tyler_the_creator_call_me_if_you_get_lost.jpg,data/covers/tyler_the_creator_call_me_if_you_get_lost.jpg,2500000000,550000000,WUSYANAME,JUGGERNAUT,LUMBERJACK,"Tyler, The Creator",Album,NA,NA,NA,NA
113282822,EARFQUAKE (Channel Tres Remix),2019-10-04,tyler_the_creator_earfquake_channel_tres_remix.jpg,data/covers/tyler_the_creator_earfquake_channel_tres_remix.jpg,NA,NA,NA,NA,NA,"Tyler, The Creator",Album,NA,NA,NA,NA
0f1b9e07-b38b-4bba-9794-55e0924d7177,IGOR,2019-05-17,tyler_the_creator_igor.jpg,data/covers/tyler_the_creator_igor.jpg,4800000000,1200000000,EARFQUAKE,RUNNING OUT OF TIME,NEW MAGIC WAND,"Tyler, The Creator",Album,NA,NA,NA,NA
e248e931-c26c-4c94-aba2-2f89ce583901,Flower Boy,2017-07-21,tyler_the_creator_flower_boy.jpg,data/covers/tyler_the_creator_flower_boy.jpg,4200000000,1100000000,See You Again,911 / Mr. Lonely,Boredom,"Tyler, The Creator",Album,NA,NA,NA,NA
74918562,Cherry Bomb + Instrumentals,2018-10-12,tyler_the_creator_cherry_bomb_instrumentals.jpg,data/covers/tyler_the_creator_cherry_bomb_instrumentals.jpg,NA,NA,NA,NA,NA,"Tyler, The Creator",Album,NA,NA,NA,NA
1ea9701e-f93e-4d88-9eda-16d01c155ff6,Cherry Bomb,2015-04-13,tyler_the_creator_cherry_bomb.jpg,data/covers/tyler_the_creator_cherry_bomb.jpg,850000000,180000000,SMUCKERS,DEATHCAMP,FIND YOUR WINGS,"Tyler, The Creator",Album,NA,NA,NA,NA
78597572,Music Inspired by Illumination & Dr. Seuss' The Grinch,2018-11-16,tyler_the_creator_music_inspired_by_illumination_dr_seuss_the_grinch.jpg,data/covers/tyler_the_creator_music_inspired_by_illumination_dr_seuss_the_grinch.jpg,NA,NA,NA,NA,NA,"Tyler, The Creator",Album,EP,NA,NA,NA
eda0f5d3-44eb-42cf-bcfd-5c9f93e05c7a,The Rise and Fall of a Midwest Princess,2023-09-22,chappell_roan_the_rise_and_fall_of_a_midwest_princess.jpg,data/covers/chappell_roan_the_rise_and_fall_of_a_midwest_princess.jpg,2600000000,420000000,"Good Luck, Babe!",Pink Pony Club,HOT TO GO!,Chappell Roan,Album,NA,NA,NA,NA
48277742,School Nights,2017-09-22,chappell_roan_school_nights.jpg,data/covers/chappell_roan_school_nights.jpg,NA,NA,NA,NA,NA,Chappell Roan,Album,EP,NA,NA,NA
